{"error": null, "params": {"dates": [{"endDate": "12-31-2021", "recurring": false, "startDate": "01-01-2020", "yearRange": [1950, 2050]}], "layers": [{"layer": "FparExtra_QC", "product": "MCD15A3H.006"}, {"layer": "FparStdDev_500m", "product": "MCD15A3H.006"}, {"layer": "FparLai_QC", "product": "MCD15A3H.006"}, {"layer": "Fpar_500m", "product": "MCD15A3H.006"}, {"layer": "LaiStdDev_500m", "product": "MCD15A3H.006"}, {"layer": "Lai_500m", "product": "MCD15A3H.006"}], "output": {"format": {"type": "geotiff"}}, "coordinates": [{"id": "PL", "latitude": 46.2087, "longitude": -112.77}, {"id": "DL", "latitude": 46.3826, "longitude": -112.738}, {"id": "GR", "latitude": 46.4979, "longitude": -112.7409}, {"id": "GC", "latitude": 46.5979, "longitude": -112.9541}, {"id": "BM", "latitude": 46.7005, "longitude": -113.4405}, {"id": "BN", "latitude": 46.7235, "longitude": -113.5718}]}, "status": "processing", "created": "2023-01-18T21:28:29.622615", "task_id": "129d329f-5437-45da-98d3-4792f0061f7c", "updated": "2023-01-18T21:29:33.697910", "user_id": "vlahm13@gmail.com", "estimate": {"request_size": 1092}, "retry_at": null, "has_swath": false, "task_name": "UCFR", "task_type": "point", "api_version": null, "svc_version": "3.21", "web_version": "3.21", "size_category": "0", "has_nsidc_daac": false, "expires_on": "2023-02-17T21:29:33.697910", "attempts": 1}
