date,site,filamentous_gm2,p_present_fila
2020-07-13,GR,NA,0.9999999999999998
2020-07-14,GR,NA,0.9999999999999998
2020-07-15,GR,NA,0.9999999999999998
2020-07-16,GR,NA,0.9999999999999998
2020-07-17,GR,NA,0.9999999999999998
2020-07-18,GR,NA,0.9999999999999998
2020-07-19,GR,NA,0.9999999999999998
2020-07-20,GR,63.7557753122,0.9999999999999998
2020-07-21,GR,NA,0.9999999999999998
2020-07-22,GR,NA,0.9999999999999998
2020-07-23,GR,NA,0.9999999999999998
2020-07-24,GR,NA,0.9999999999999998
2020-07-25,GR,NA,0.9999999999999998
2020-07-26,GR,NA,0.9999999999999998
2020-07-27,GR,84.8238861226,0.9999999999999998
2020-07-28,GR,NA,0.9999999999998899
2020-07-29,GR,NA,0.9999999999998275
2020-07-30,GR,NA,0.9999999999997369
2020-07-31,GR,NA,0.9999999999996093
2020-08-01,GR,NA,0.9999999999994351
2020-08-02,GR,NA,0.9999999999992045
2020-08-03,GR,83.539187861,0.9999999999989087
2020-08-04,GR,NA,0.9999999999985406
2020-08-05,GR,NA,0.9999999999980964
2020-08-06,GR,NA,0.9999999999975755
2020-08-07,GR,NA,0.9999999999969817
2020-08-08,GR,NA,0.9999999999963233
2020-08-09,GR,NA,0.9999999999956131
2020-08-10,GR,55.420579884,0.9999999999948672
2020-08-11,GR,NA,0.9999999999941049
2020-08-12,GR,NA,0.9999999999933455
2020-08-13,GR,NA,0.9999999999926079
2020-08-14,GR,NA,0.9999999999919088
2020-08-15,GR,NA,0.9999999999912623
2020-08-16,GR,NA,0.9999999999906788
2020-08-17,GR,42.908109767999996,0.9999999999901648
2020-08-18,GR,NA,0.9999999999897213
2020-08-19,GR,NA,0.9999999999893453
2020-08-20,GR,NA,0.9999999999890292
2020-08-21,GR,NA,0.9999999999887627
2020-08-22,GR,NA,0.9999999999885325
2020-08-23,GR,NA,0.9999999999883242
2020-08-24,GR,82.51406192799999,0.9999999999881215
2020-08-25,GR,NA,0.999999999987907
2020-08-26,GR,NA,0.9999999999876632
2020-08-27,GR,NA,0.9999999999873708
2020-08-28,GR,NA,0.9999999999870085
2020-08-29,GR,NA,0.9999999999865522
2020-08-30,GR,NA,0.9999999999859733
2020-08-31,GR,NA,0.999999999985237
2020-09-01,GR,NA,0.9999999999842996
2020-09-02,GR,NA,0.9999999999831053
2020-09-03,GR,NA,0.9999999999815847
2020-09-04,GR,NA,0.9999999999796488
2020-09-05,GR,NA,0.9999999999771783
2020-09-06,GR,NA,0.9999999999740086
2020-09-07,GR,NA,0.9999999999699113
2020-09-08,GR,NA,0.9999999999645646
2020-09-09,GR,NA,0.999999999957511
2020-09-10,GR,NA,0.9999999999481011
2020-09-11,GR,NA,0.9999999999353906
2020-09-12,GR,NA,0.9999999999179834
2020-09-13,GR,NA,0.9999999998937847
2020-09-14,GR,43.7060001338,0.9999999998596009
2020-09-15,GR,NA,0.9999999998104966
2020-09-16,GR,NA,0.999999999738778
2020-09-17,GR,NA,0.9999999996322272
2020-09-18,GR,NA,0.9999999994711135
2020-09-19,GR,NA,0.9999999992230469
2020-09-20,GR,NA,0.9999999988339618
2020-09-21,GR,26.5272540156,0.9999999982120608
2020-09-22,GR,NA,0.9999999971989355
2020-09-23,GR,NA,0.9999999955174955
2020-09-24,GR,NA,0.9999999926748819
2020-09-25,GR,NA,0.9999999877799279
2020-09-26,GR,NA,0.9999999791950275
2020-09-27,GR,NA,0.9999999638620296
2020-09-28,GR,29.4278340656,0.9999999359775058
2020-09-29,GR,NA,0.9999998843563367
2020-09-30,GR,NA,0.9999997871482335
2020-10-01,GR,NA,0.9999996011160485
2020-10-02,GR,NA,0.9999992395719175
2020-10-03,GR,NA,0.9999985265331724
2020-10-04,GR,NA,0.999997100510871
2020-10-05,GR,17.8382036868,0.9999942106525238
2020-10-06,GR,NA,0.9999882811669912
2020-10-07,GR,NA,0.999975974522992
2020-10-08,GR,NA,0.9999501614406193
2020-10-09,GR,NA,0.9998954991812505
2020-10-10,GR,NA,0.9997787525729416
2020-10-11,GR,NA,0.9995275371793533
2020-10-12,GR,NA,0.9989835709187752
2020-10-13,GR,NA,0.9977999996981328
2020-10-14,GR,NA,0.995217258584159
2020-10-15,GR,NA,0.9895834387402809
2020-10-16,GR,NA,0.9773747623215899
2020-10-17,GR,NA,0.9514127700375601
2020-10-18,GR,NA,0.898541711481989
2020-10-19,GR,4.3937293724,0.8000020879104432
2020-10-20,GR,NA,0.6435835594987381
2021-06-22,GR,0,0.004223346887455936
2021-06-23,GR,NA,0.004435812036611375
2021-06-24,GR,NA,0.004659121202541868
2021-06-25,GR,NA,0.0048940485835433515
2021-06-26,GR,NA,0.005141440442843794
2021-06-27,GR,NA,0.005402222196711044
2021-06-28,GR,NA,0.005677406280032495
2021-06-29,GR,NA,0.005968100885951874
2021-06-30,GR,NA,0.006275519688704514
2021-07-01,GR,NA,0.006600992673051457
2021-07-02,GR,NA,0.006945978209918602
2021-07-03,GR,NA,0.007312076536267306
2021-07-04,GR,NA,0.007701044818168159
2021-07-05,GR,NA,0.00811481399986995
2021-07-06,GR,NA,0.008555507668737942
2021-07-07,GR,0,0.009025463196724872
2021-07-08,GR,NA,0.009527260351749146
2021-07-09,GR,NA,0.010063764796012085
2021-07-10,GR,NA,0.010638147634856442
2021-07-11,GR,NA,0.01125391588116615
2021-07-12,GR,NA,0.011914951755801
2021-07-13,GR,NA,0.012625557016403891
2021-07-14,GR,NA,0.01339050298986563
2021-07-15,GR,NA,0.01421506169585674
2021-07-16,GR,NA,0.01510498103351896
2021-07-17,GR,NA,0.016066607843782464
2021-07-18,GR,NA,0.017106983965483578
2021-07-19,GR,NA,0.018233928820312762
2021-07-20,GR,0,0.019456132211641903
2021-07-21,GR,NA,0.020783194491262924
2021-07-22,GR,NA,0.02222544482258861
2021-07-23,GR,NA,0.023793859133201884
2021-07-24,GR,NA,0.025500089974948407
2021-07-25,GR,NA,0.027356786392655954
2021-07-26,GR,NA,0.029377750117842917
2021-07-27,GR,NA,0.03157802552840802
2021-07-28,GR,NA,0.0339739925819784
2021-07-29,GR,NA,0.03658332758965775
2021-07-30,GR,NA,0.039424616414321594
2021-07-31,GR,NA,0.04251768904156669
2021-08-01,GR,NA,0.045883774022082255
2021-08-02,GR,NA,0.04954552298008271
2021-08-03,GR,0.3612905784,0.05352701775725038
2021-08-04,GR,NA,0.05785356826843746
2021-08-05,GR,NA,0.06255080052847602
2021-08-06,GR,NA,0.0676440193530478
2021-08-07,GR,NA,0.07315782575181637
2021-08-08,GR,NA,0.07911636081690197
2021-08-09,GR,NA,0.08554307657236794
2021-08-10,GR,NA,0.09246027708074106
2021-08-11,GR,NA,0.09988860499153263
2021-08-12,GR,NA,0.10784629155431498
2021-08-13,GR,NA,0.11634788860403802
2021-08-14,GR,NA,0.12540400509664482
2021-08-15,GR,NA,0.13502079779900664
2021-08-16,GR,NA,0.1451993127494691
2021-08-17,GR,0,0.1559348658665241
2021-08-18,GR,NA,0.16721644954769782
2021-08-19,GR,NA,0.1790261371354852
2021-08-20,GR,NA,0.1913388927133827
2021-08-21,GR,NA,0.20412258320404733
2021-08-22,GR,NA,0.21733784241678794
2021-08-23,GR,NA,0.23093818857575826
2021-08-24,GR,NA,0.244870374546614
2021-08-25,GR,NA,0.25907492295802653
2021-08-26,GR,NA,0.27348727227594866
2021-08-27,GR,NA,0.28804006315895175
2021-08-28,GR,NA,0.3026629730827799
2021-08-29,GR,NA,0.31728331077895566
2021-08-30,GR,NA,0.3318270531198015
2021-08-31,GR,NA,0.34621987674044546
2021-09-01,GR,NA,0.36038814605235225
2021-09-02,GR,NA,0.3742598226514362
2021-09-03,GR,NA,0.3877663311310548
2021-09-04,GR,NA,0.40084765676340334
2021-09-05,GR,NA,0.41345328803515047
2021-09-06,GR,NA,0.425538143982134
2021-09-07,GR,NA,0.43706148791570704
2021-09-08,GR,NA,0.44798683884695156
2021-09-09,GR,NA,0.4582817889763163
2021-09-10,GR,NA,0.46791919765092965
2021-09-11,GR,NA,0.4768812557748955
2021-09-12,GR,NA,0.48515476840216737
2021-09-13,GR,NA,0.4927292629897798
2021-09-14,GR,NA,0.49959654955995525
2021-09-15,GR,NA,0.5057502980931116
2021-09-16,GR,NA,0.5111872130062803
2021-09-17,GR,NA,0.5159113763364085
2021-09-18,GR,NA,0.519929186452738
2021-09-19,GR,NA,0.5232474932106332
2021-09-20,GR,NA,0.5258733575091163
2021-09-21,GR,NA,0.5278138599714663
2021-09-22,GR,2.3073536502,0.5290759560190569
2021-09-23,GR,NA,0.5296678211813401
2021-09-24,GR,NA,0.5296031307220607
2021-09-25,GR,NA,0.528896703434059
2021-09-26,GR,NA,0.5275630795321088
2021-09-27,GR,NA,0.5256165752703004
2021-09-28,GR,NA,0.5230713621887574
2021-09-29,GR,NA,0.519941566552868
2021-09-30,GR,NA,0.5162424160225378
2021-10-01,GR,NA,0.5119944115106698
2021-10-02,GR,NA,0.5072232163836761
2021-10-03,GR,NA,0.5019559163970636
2021-10-04,GR,NA,0.49622018322111616
2021-10-05,GR,NA,0.49004436527096873
2021-10-06,GR,NA,0.4834575562376738
2021-10-07,GR,NA,0.47648994562973845
2021-10-08,GR,NA,0.46917375248196436
2021-10-09,GR,NA,0.46154232527238537
2021-10-10,GR,NA,0.45362992046208667
2021-10-11,GR,NA,0.445471472514682
2021-10-12,GR,NA,0.4371024296417931
2021-10-13,GR,7.79449475,0.4285586100948902
2020-07-13,DL,NA,0.969979284318006
2020-07-14,DL,NA,0.95796758645905
2020-07-15,DL,NA,0.9427016690524036
2020-07-16,DL,NA,0.9240489712074729
2020-07-17,DL,NA,0.902202446169861
2020-07-18,DL,NA,0.8777442757374692
2020-07-19,DL,NA,0.8516437644474607
2020-07-20,DL,15.6206863904,0.8251734392737129
2020-07-21,DL,NA,0.7997392282486292
2020-07-22,DL,NA,0.7766983825884339
2020-07-23,DL,NA,0.757220705919131
2020-07-24,DL,NA,0.7422401051025551
2020-07-25,DL,NA,0.7324354919637703
2020-07-26,DL,NA,0.7282322079017163
2020-07-27,DL,8.809624298600001,0.729813285251391
2020-07-28,DL,NA,0.7371138089122886
2020-07-29,DL,NA,0.7497825112228562
2020-07-30,DL,NA,0.767214864202054
2020-07-31,DL,NA,0.7885649547814612
2020-08-01,DL,NA,0.812764043196604
2020-08-02,DL,NA,0.8385738171636498
2020-08-03,DL,3.1872260536,0.8646742379298468
2020-08-04,DL,NA,0.8897737978945262
2020-08-05,DL,NA,0.9127687248501467
2020-08-06,DL,NA,0.9328812588859032
2020-08-07,DL,NA,0.9497289292993045
2020-08-08,DL,NA,0.9632914179268416
2020-08-09,DL,NA,0.9738202243826046
2020-08-10,DL,4.0318394798,0.9817300427811476
2020-08-11,DL,NA,0.9874993032216287
2020-08-12,DL,NA,0.9915965154920023
2020-08-13,DL,NA,0.9944383603530964
2020-08-14,DL,NA,0.9963690696368136
2020-08-15,DL,NA,0.997657268807301
2020-08-16,DL,NA,0.9985034083742157
2020-08-17,DL,4.2291301434,0.9990517367555053
2020-08-18,DL,NA,0.9994029922356286
2020-08-19,DL,NA,0.9996258450613515
2020-08-20,DL,NA,0.9997661463553984
2020-08-21,DL,NA,0.9998539658111156
2020-08-22,DL,NA,0.9999087202111778
2020-08-23,DL,NA,0.9999427871901377
2020-08-24,DL,5.3429713746,0.9999639755471874
2020-08-25,DL,NA,0.9999771722514847
2020-08-26,DL,NA,0.9999854176486579
2020-08-27,DL,NA,0.9999905937173611
2020-08-28,DL,NA,0.9999938629259614
2020-08-29,DL,NA,0.9999959431937747
2020-08-30,DL,NA,0.9999972784689107
2020-08-31,DL,NA,0.9999981440128342
2020-09-01,DL,NA,0.9999987111697399
2020-09-02,DL,NA,0.9999990871962128
2020-09-03,DL,NA,0.9999993397665071
2020-09-04,DL,NA,0.9999995117926392
2020-09-05,DL,NA,0.9999996305804945
2020-09-06,DL,NA,0.9999997136704819
2020-09-07,DL,NA,0.9999997724560511
2020-09-08,DL,NA,0.9999998144164854
2020-09-09,DL,NA,0.9999998445192227
2020-09-10,DL,NA,0.9999998661155041
2020-09-11,DL,NA,0.9999998814451232
2020-09-12,DL,NA,0.9999998919901446
2020-09-13,DL,NA,0.999999898706531
2020-09-14,DL,6.2543886828,0.9999999021653093
2020-09-15,DL,NA,0.9999999026402057
2020-09-16,DL,NA,0.9999999001669128
2020-09-17,DL,NA,0.9999998945193318
2020-09-18,DL,NA,0.9999998851660783
2020-09-19,DL,NA,0.999999871186343
2020-09-20,DL,NA,0.9999998511175704
2020-09-21,DL,13.176382571800001,0.9999998226993843
2020-09-22,DL,NA,0.999999782468315
2020-09-23,DL,NA,0.9999997251475131
2020-09-24,DL,NA,0.9999996425413126
2020-09-25,DL,NA,0.999999521716663
2020-09-26,DL,NA,0.9999993419452623
2020-09-27,DL,NA,0.9999990694486881
2020-09-28,DL,5.3300315444,0.9999986482252855
2020-09-29,DL,NA,0.9999979838994065
2020-09-30,DL,NA,0.9999969154318474
2020-10-01,DL,NA,0.9999951643018962
2020-10-02,DL,NA,0.9999922412660981
2020-10-03,DL,NA,0.9999872745406346
2020-10-04,DL,NA,0.9999786896406295
2020-10-05,DL,10.149861399199999,0.999963606320549
2020-10-06,DL,NA,0.9999366930169895
2020-10-07,DL,NA,0.9998879788409398
2020-10-08,DL,NA,0.9997986338080783
2020-10-09,DL,NA,0.9996327986490736
2020-10-10,DL,NA,0.9993216897605198
2020-10-11,DL,NA,0.9987326219176041
2020-10-12,DL,7.1357380558,0.9976087180783786
2020-10-13,DL,NA,0.9954521888549888
2020-10-14,DL,NA,0.9913010352408472
2020-10-15,DL,NA,0.9833164830670618
2020-10-16,DL,NA,0.9680721038222728
2020-10-17,DL,NA,0.9395141195604262
2020-10-18,DL,NA,0.888060150284871
2020-10-19,DL,3.8477660348,0.8017693787302589
2020-10-20,DL,NA,0.6732637270560411
2021-06-22,DL,0,4.5546411415950206e-10
2021-06-23,DL,NA,4.559681567578983e-10
2021-06-24,DL,NA,4.564726095076276e-10
2021-06-25,DL,NA,4.569773247216934e-10
2021-06-26,DL,NA,4.574821540593778e-10
2021-06-27,DL,NA,4.5798694852564165e-10
2021-06-28,DL,NA,4.584915584710056e-10
2021-06-29,DL,NA,4.5899583359189274e-10
2021-06-30,DL,NA,4.5949962293150765e-10
2021-07-01,DL,NA,4.6000277488117227e-10
2021-07-02,DL,NA,4.605051371821631e-10
2021-07-03,DL,NA,4.610065569280905e-10
2021-07-04,DL,NA,4.6150688056772083e-10
2021-07-05,DL,NA,4.6200595390836604e-10
2021-07-06,DL,NA,4.625036221197451e-10
2021-07-07,DL,0,4.6299972973838815e-10
2021-07-08,DL,NA,4.6349411371542924e-10
2021-07-09,DL,NA,4.639865824915521e-10
2021-07-10,DL,NA,4.644769367716633e-10
2021-07-11,DL,NA,4.649649764756492e-10
2021-07-12,DL,NA,4.6545050074777565e-10
2021-07-13,DL,NA,4.659333079669167e-10
2021-07-14,DL,NA,4.664131957576759e-10
2021-07-15,DL,NA,4.668899594356716e-10
2021-07-16,DL,NA,4.673633873075425e-10
2021-07-17,DL,NA,4.678332653629286e-10
2021-07-18,DL,NA,4.682993788533394e-10
2021-07-19,DL,NA,4.687615123085295e-10
2021-07-20,DL,0,4.692194495538522e-10
2021-07-21,DL,NA,4.696729754851145e-10
2021-07-22,DL,NA,4.70121883571738e-10
2021-07-23,DL,NA,4.705659798645573e-10
2021-07-24,DL,NA,4.710050825534479e-10
2021-07-25,DL,NA,4.71439011978779e-10
2021-07-26,DL,NA,4.718675880400041e-10
2021-07-27,DL,NA,4.722906302149676e-10
2021-07-28,DL,NA,4.727079575798911e-10
2021-07-29,DL,NA,4.731193933325006e-10
2021-07-30,DL,NA,4.735247783516228e-10
2021-07-31,DL,NA,4.739239577642152e-10
2021-08-01,DL,NA,4.743167764697895e-10
2021-08-02,DL,NA,4.74703079159941e-10
2021-08-03,DL,0,4.750827103383506e-10
2021-08-04,DL,NA,4.754555198101455e-10
2021-08-05,DL,NA,4.758213846943572e-10
2021-08-06,DL,NA,4.761802153957995e-10
2021-08-07,DL,NA,4.76531950437065e-10
2021-08-08,DL,NA,4.768765341443696e-10
2021-08-09,DL,NA,4.772139110501286e-10
2021-08-10,DL,NA,4.775440259001071e-10
2021-08-11,DL,NA,4.778668236606533e-10
2021-08-12,DL,NA,4.781822551300489e-10
2021-08-13,DL,NA,4.784902937869813e-10
2021-08-14,DL,NA,4.787909190337108e-10
2021-08-15,DL,NA,4.79084110601557e-10
2021-08-16,DL,NA,4.793698485529434e-10
2021-08-17,DL,0,4.796481132834281e-10
2021-08-18,DL,NA,4.799188906071217e-10
2021-08-19,DL,NA,4.801821919918396e-10
2021-08-20,DL,NA,4.804380590811667e-10
2021-08-21,DL,NA,4.806865582772681e-10
2021-08-22,DL,NA,4.809277613208832e-10
2021-08-23,DL,NA,4.811617404545951e-10
2021-08-24,DL,NA,4.813885684110994e-10
2021-08-25,DL,NA,4.81608318401553e-10
2021-08-26,DL,NA,4.818210680279112e-10
2021-08-27,DL,NA,4.820269110565587e-10
2021-08-28,DL,NA,4.82225945657192e-10
2021-08-29,DL,NA,4.824182704678302e-10
2021-08-30,DL,NA,4.826039845804126e-10
2021-08-31,DL,NA,4.82783187526563e-10
2021-09-01,DL,NA,4.829559792635303e-10
2021-09-02,DL,NA,4.831224601603445e-10
2021-09-03,DL,NA,4.83282733564503e-10
2021-09-04,DL,NA,4.834369159515744e-10
2021-09-05,DL,NA,4.835851364335586e-10
2021-09-06,DL,NA,4.837275269287181e-10
2021-09-07,DL,NA,4.838642197313291e-10
2021-09-08,DL,NA,4.839953474955998e-10
2021-09-09,DL,NA,4.841210432199756e-10
2021-09-10,DL,NA,4.842414417134178e-10
2021-09-11,DL,NA,4.843566840282112e-10
2021-09-12,DL,NA,4.844669130048448e-10
2021-09-13,DL,NA,4.845722717759131e-10
2021-09-14,DL,NA,4.846729037513423e-10
2021-09-15,DL,NA,4.847689526040381e-10
2021-09-16,DL,NA,4.84860562914377e-10
2021-09-17,DL,NA,4.849478821329672e-10
2021-09-18,DL,NA,4.8503105859374e-10
2021-09-19,DL,NA,4.851102408427541e-10
2021-09-20,DL,NA,4.851855776256499e-10
2021-09-21,DL,NA,4.852572178755608e-10
2021-09-22,DL,0,4.853253107014612e-10
2021-09-23,DL,NA,4.853900051771873e-10
2021-09-24,DL,NA,4.85451449731213e-10
2021-09-25,DL,NA,4.855097927353488e-10
2021-09-26,DL,NA,4.855651826947166e-10
2021-09-27,DL,NA,4.856177682384658e-10
2021-09-28,DL,NA,4.856676981109255e-10
2021-09-29,DL,NA,4.857151211632217e-10
2021-09-30,DL,NA,4.857601852645957e-10
2021-10-01,DL,NA,4.85803032831397e-10
2021-10-02,DL,NA,4.858438003985749e-10
2021-10-03,DL,NA,4.858826233542861e-10
2021-10-04,DL,NA,4.859196371545916e-10
2021-10-05,DL,NA,4.859549773182322e-10
2021-10-06,DL,NA,4.859887794217583e-10
2021-10-07,DL,NA,4.860211768787532e-10
2021-10-08,DL,NA,4.86052294285764e-10
2021-10-09,DL,NA,4.860822514320104e-10
2021-10-10,DL,NA,4.861111576104278e-10
2021-10-11,DL,NA,4.861391195134576e-10
2021-10-12,DL,NA,4.861662438640777e-10
2021-10-13,DL,0,4.861926374138405e-10
2020-07-13,BG,NA,0.4900549269335938
2020-07-14,BG,NA,0.49217371700709894
2020-07-15,BG,NA,0.4936081958590007
2020-07-16,BG,NA,0.49433025785455204
2020-07-17,BG,NA,0.4943119147453647
2020-07-18,BG,NA,0.4935252632037203
2020-07-19,BG,NA,0.4919424981834693
2020-07-20,BG,NA,0.489537529984442
2020-07-21,BG,15.943945275599997,0.48629239948894126
2020-07-22,BG,NA,0.4821994983274081
2020-07-23,BG,NA,0.4772605520638357
2020-07-24,BG,NA,0.47148015384175884
2020-07-25,BG,NA,0.4648644538839423
2020-07-26,BG,NA,0.4574216335843345
2020-07-27,BG,NA,0.4491624333593375
2020-07-28,BG,NA,0.44010269123883594
2020-07-29,BG,NA,0.4302697645636643
2020-07-30,BG,NA,0.4196970379030399
2020-07-31,BG,NA,0.4084223842594931
2020-08-01,BG,NA,0.39648853761518743
2020-08-02,BG,NA,0.3839433709083959
2020-08-03,BG,NA,0.37084180793874344
2020-08-04,BG,4.5151488424,0.3572525522445065
2020-08-05,BG,NA,0.343258556165682
2020-08-06,BG,NA,0.3289536078366964
2020-08-07,BG,NA,0.3144343252385981
2020-08-08,BG,NA,0.29979718705590946
2020-08-09,BG,NA,0.2851371077802727
2020-08-10,BG,NA,0.27054597893719384
2020-08-11,BG,NA,0.2561121554513704
2020-08-12,BG,NA,0.241921592028447
2020-08-13,BG,NA,0.22805343553826599
2020-08-14,BG,NA,0.21457804519406296
2020-08-15,BG,NA,0.20155627030373885
2020-08-16,BG,NA,0.1890390293955497
2020-08-17,BG,NA,0.17706742641648063
2020-08-18,BG,0,0.16567366814792345
2020-08-19,BG,NA,0.15488103737285197
2020-08-20,BG,NA,0.14470390125088586
2020-08-21,BG,NA,0.13514818005100068
2020-08-22,BG,NA,0.126212253520609
2020-08-23,BG,NA,0.1178880045718905
2020-08-24,BG,NA,0.11016188907373645
2020-08-25,BG,NA,0.10301569183285787
2020-08-26,BG,NA,0.09642677351474674
2020-08-27,BG,NA,0.09037011098853327
2020-08-28,BG,NA,0.08481941337888604
2020-08-29,BG,NA,0.07974780701605232
2020-08-30,BG,NA,0.07512842504448505
2020-08-31,BG,NA,0.07093490531927119
2020-09-01,BG,0,0.0671418034099919
2020-09-02,BG,NA,0.06372446937116993
2020-09-03,BG,NA,0.060657637219940906
2020-09-04,BG,NA,0.057916014336707344
2020-09-05,BG,NA,0.0554764641404999
2020-09-06,BG,NA,0.05331843220496283
2020-09-07,BG,NA,0.05142385895052934
2020-09-08,BG,NA,0.04977709804639958
2020-09-09,BG,NA,0.048364364896397144
2020-09-10,BG,NA,0.04717232895587907
2020-09-11,BG,NA,0.046189624721009216
2020-09-12,BG,NA,0.04540723433059712
2020-09-13,BG,NA,0.04481839361057299
2020-09-14,BG,NA,0.044418531704668654
2020-09-15,BG,NA,0.04420476140335709
2020-09-16,BG,NA,0.04417444014805318
2020-09-17,BG,NA,0.04432662106275714
2020-09-18,BG,NA,0.044662513528929575
2020-09-19,BG,NA,0.045185491720822805
2020-09-20,BG,NA,0.045901140993761684
2020-09-21,BG,NA,0.046817342498786003
2020-09-22,BG,NA,0.04794390684332152
2020-09-23,BG,NA,0.049291163572980745
2020-09-24,BG,NA,0.05087139570287404
2020-09-25,BG,NA,0.052699420311521444
2020-09-26,BG,NA,0.054792728015814376
2020-09-27,BG,NA,0.05717164976921162
2020-09-28,BG,NA,0.05985954874071713
2020-09-29,BG,4.2441480579999995,0.06288257276099002
2020-09-30,BG,NA,0.06626786917653739
2020-10-01,BG,NA,0.07004329181503043
2020-10-02,BG,NA,0.07423886208930677
2020-10-03,BG,NA,0.07888708962451864
2020-10-04,BG,NA,0.08402283048323769
2020-10-05,BG,NA,0.08968307489743824
2020-10-06,BG,NA,0.09590641099206976
2020-10-07,BG,NA,0.10273179078874237
2020-10-08,BG,NA,0.11019839097315175
2020-10-09,BG,NA,0.11834478714818861
2020-10-10,BG,NA,0.1272082595709326
2020-10-11,BG,NA,0.13682383008590335
2020-10-12,BG,NA,0.14722307764375236
2020-10-13,BG,NA,0.15843340418449386
2020-10-14,BG,NA,0.1704786364361307
2020-10-15,BG,NA,0.18337634387945054
2020-10-16,BG,NA,0.1971359044665704
2020-10-17,BG,NA,0.21175711039422368
2020-10-18,BG,NA,0.22722887236692327
2020-10-19,BG,NA,0.24352810077563894
2020-10-20,BG,2.339103728,0.26062135777677553
2021-06-22,BG,61.6862636022,0.9999999999999998
2021-06-23,BG,NA,0.9999999999999998
2021-06-24,BG,NA,0.9999999999999998
2021-06-25,BG,NA,0.9999999999999998
2021-06-26,BG,NA,0.9999999999999998
2021-06-27,BG,NA,0.9999999999999998
2021-06-28,BG,NA,0.9999999999999998
2021-06-29,BG,NA,0.9999999999999998
2021-06-30,BG,NA,0.9999999999999998
2021-07-01,BG,NA,0.9999999999999998
2021-07-02,BG,NA,0.9999999999998961
2021-07-03,BG,NA,0.9999999999994528
2021-07-04,BG,NA,0.9999999999971915
2021-07-05,BG,NA,0.9999999999859817
2021-07-06,BG,NA,0.9999999999321038
2021-07-07,BG,80.828461407,0.999999999681642
2021-07-08,BG,NA,0.9999999985582867
2021-07-09,BG,NA,0.9999999937104216
2021-07-10,BG,NA,0.999999973636146
2021-07-11,BG,NA,0.9999998940975148
2021-07-12,BG,NA,0.9999995933896533
2021-07-13,BG,NA,0.9999985116993494
2021-07-14,BG,NA,0.9999948202679727
2021-07-15,BG,NA,0.9999829030843153
2021-07-16,BG,NA,0.9999466033623151
2021-07-17,BG,NA,0.9998425645859527
2021-07-18,BG,NA,0.9995628183141242
2021-07-19,BG,NA,0.9988594608112168
2021-07-20,BG,103.489591164,0.997212301145749
2021-07-21,BG,NA,0.9936361960193894
2021-07-22,BG,NA,0.9864748287738171
2021-07-23,BG,NA,0.9733238337641192
2021-07-24,BG,NA,0.9513305145934481
2021-07-25,BG,NA,0.9181156195929036
2021-07-26,BG,NA,0.8731834937918501
2021-07-27,BG,NA,0.8190343021464621
2021-07-28,BG,NA,0.7609869011877
2021-07-29,BG,NA,0.7055609089564031
2021-07-30,BG,NA,0.6584325373294951
2021-07-31,BG,NA,0.6234345895559749
2021-08-01,BG,NA,0.6025958981227251
2021-08-02,BG,NA,0.5966694078090224
2021-08-03,BG,5.434676720600001,0.6056250789769444
2021-08-04,BG,NA,0.6287981545566861
2021-08-05,BG,NA,0.6646035542259121
2021-08-06,BG,NA,0.710222571187499
2021-08-07,BG,NA,0.7615461321001189
2021-08-08,BG,NA,0.8136965284854404
2021-08-09,BG,NA,0.8619732291586215
2021-08-10,BG,NA,0.902918116219809
2021-08-11,BG,NA,0.9349487563664097
2021-08-12,BG,NA,0.95825770852372
2021-08-13,BG,NA,0.9741852142088845
2021-08-14,BG,NA,0.9845122372479895
2021-08-15,BG,NA,0.9909289222158105
2021-08-16,BG,NA,0.9947832192038742
2021-08-17,BG,55.53975568914286,0.997038216433944
2021-08-18,BG,NA,0.9983315701674462
2021-08-19,BG,NA,0.9990628244922686
2021-08-20,BG,NA,0.9994724923023465
2021-08-21,BG,NA,0.99970101679588
2021-08-22,BG,NA,0.9998285382441967
2021-08-23,BG,NA,0.9999000305559593
2021-08-24,BG,NA,0.9999404591307947
2021-08-25,BG,NA,0.9999636022588068
2021-08-26,BG,NA,0.9999770555952037
2021-08-27,BG,NA,0.9999850191570092
2021-08-28,BG,NA,0.999989824941495
2021-08-29,BG,NA,0.9999927795801342
2021-08-30,BG,NA,0.9999946235416358
2021-08-31,BG,NA,0.9999957808816925
2021-09-01,BG,NA,0.9999964955335313
2021-09-02,BG,NA,0.9999969055742672
2021-09-03,BG,NA,0.9999970831738859
2021-09-04,BG,NA,0.9999970550381808
2021-09-05,BG,NA,0.9999968070427006
2021-09-06,BG,NA,0.9999962736509868
2021-09-07,BG,NA,0.9999953077239784
2021-09-08,BG,NA,0.9999936096338905
2021-09-09,BG,NA,0.9999905649866382
2021-09-10,BG,NA,0.9999848653256128
2021-09-11,BG,NA,0.9999735890398382
2021-09-12,BG,NA,0.9999498064474334
2021-09-13,BG,NA,0.9998960003667107
2021-09-14,BG,NA,0.9997648254395347
2021-09-15,BG,NA,0.9994190496849077
2021-09-16,BG,NA,0.9984315696173801
2021-09-17,BG,NA,0.9953792337037319
2021-09-18,BG,NA,0.9852250267120086
2021-09-19,BG,NA,0.9497189858445978
2021-09-20,BG,NA,0.8304310377971419
2021-09-21,BG,NA,0.5376006931401661
2021-09-22,BG,1.6136499538,0.20179017705876415
2021-09-23,BG,NA,0.04795843334136781
2021-09-24,BG,NA,0.009127488312981425
2021-09-25,BG,NA,0.0015459384489456532
2021-09-26,BG,NA,2.3955471249470682e-4
2021-09-27,BG,NA,3.419483412928377e-5
2021-09-28,BG,NA,4.5078533451460845e-6
2021-09-29,BG,NA,5.498010385789274e-7
2021-09-30,BG,NA,6.21519663771614e-8
2021-10-01,BG,NA,6.528878799562327e-9
2021-10-02,BG,NA,6.394442965701122e-10
2021-10-03,BG,NA,5.859454821147175e-11
2021-10-04,BG,NA,5.040946252910896e-12
2021-10-05,BG,NA,4.0858015773498166e-13
2021-10-06,BG,NA,2.2204460492503126e-16
2021-10-07,BG,NA,2.2204460492503126e-16
2021-10-08,BG,NA,2.2204460492503126e-16
2021-10-09,BG,NA,2.2204460492503126e-16
2021-10-10,BG,NA,2.2204460492503126e-16
2021-10-11,BG,NA,2.2204460492503126e-16
2021-10-12,BG,NA,2.2204460492503126e-16
2021-10-13,BG,NA,2.2204460492503126e-16
2020-07-13,GC,NA,0.9999999999999998
2020-07-14,GC,NA,0.9999999999999998
2020-07-15,GC,NA,0.9999999999999998
2020-07-16,GC,NA,0.9999999999999998
2020-07-17,GC,NA,0.9999999999999998
2020-07-18,GC,NA,0.9999999999999998
2020-07-19,GC,NA,0.9999999999999998
2020-07-20,GC,NA,0.9999999999999998
2020-07-21,GC,88.77298467,0.9999999999999998
2020-07-22,GC,NA,0.9999999999999998
2020-07-23,GC,NA,0.9999999999999998
2020-07-24,GC,NA,0.9999999999999998
2020-07-25,GC,NA,0.9999999999999998
2020-07-26,GC,NA,0.9999999999999998
2020-07-27,GC,NA,0.9999999999999998
2020-07-28,GC,NA,0.9999999999999998
2020-07-29,GC,NA,0.9999999999999998
2020-07-30,GC,NA,0.9999999999999998
2020-07-31,GC,NA,0.999999999999898
2020-08-01,GC,NA,0.9999999999990252
2020-08-02,GC,NA,0.9999999999916204
2020-08-03,GC,NA,0.9999999999351994
2020-08-04,GC,122.648819984,0.999999999549164
2020-08-05,GC,NA,0.9999999971754036
2020-08-06,GC,NA,0.9999999840374352
2020-08-07,GC,NA,0.9999999184868631
2020-08-08,GC,NA,0.9999996232083194
2020-08-09,GC,NA,0.9999984205944726
2020-08-10,GC,NA,0.9999939858560623
2020-08-11,GC,NA,0.9999791571537582
2020-08-12,GC,NA,0.9999341060350324
2020-08-13,GC,NA,0.9998095077207114
2020-08-14,GC,NA,0.9994952648761275
2020-08-15,GC,NA,0.9987715214958784
2020-08-16,GC,NA,0.9972478112219878
2020-08-17,GC,NA,0.9943138754374831
2020-08-18,GC,99.523708516,0.9891445263132557
2020-08-19,GC,NA,0.9808071588300193
2020-08-20,GC,NA,0.9684936127727299
2020-08-21,GC,NA,0.9518361007834343
2020-08-22,GC,NA,0.9311830534567469
2020-08-23,GC,NA,0.9076851609692599
2020-08-24,GC,NA,0.8831203203647585
2020-08-25,GC,NA,0.8595248910757667
2020-08-26,GC,NA,0.8387913379775729
2020-08-27,GC,NA,0.8223755081977087
2020-08-28,GC,NA,0.8111666373989702
2020-08-29,GC,NA,0.8054923273567848
2020-08-30,GC,NA,0.8051998057960477
2020-08-31,GC,NA,0.8097645019535866
2020-09-01,GC,20.730131234399998,0.8184002037561373
2020-09-02,GC,NA,0.8301721094817063
2020-09-03,GC,NA,0.8441258349491056
2020-09-04,GC,NA,0.8593597789400219
2020-09-05,GC,NA,0.8750460965888717
2020-09-06,GC,NA,0.8904741320797309
2020-09-07,GC,NA,0.9050862178043498
2020-09-08,GC,NA,0.9184918023611038
2020-09-09,GC,NA,0.9304678943922636
2020-09-10,GC,NA,0.9409498101815328
2020-09-11,GC,NA,0.949968604150912
2020-09-12,GC,NA,0.9576156414137428
2020-09-13,GC,NA,0.9640185954827709
2020-09-14,GC,NA,0.969321715589234
2020-09-15,GC,NA,0.9736743622171138
2020-09-16,GC,NA,0.9772273944628118
2020-09-17,GC,NA,0.980113505479223
2020-09-18,GC,NA,0.9824438143444829
2020-09-19,GC,NA,0.9843096177152566
2020-09-20,GC,NA,0.985784411839114
2020-09-21,GC,NA,0.9869258578076242
2020-09-22,GC,NA,0.98777900375263
2020-09-23,GC,NA,0.9883815452564388
2020-09-24,GC,NA,0.9887596126043788
2020-09-25,GC,NA,0.9889275717375161
2020-09-26,GC,NA,0.9888886775412735
2020-09-27,GC,NA,0.9886347907048021
2020-09-28,GC,NA,0.9881450477529581
2020-09-29,GC,67.496637736,0.9873845080020693
2020-09-30,GC,NA,0.9863057767230216
2020-10-01,GC,NA,0.9848459870091641
2020-10-02,GC,NA,0.9829175536543215
2020-10-03,GC,NA,0.9803996220438368
2020-10-04,GC,NA,0.9771276794762341
2020-10-05,GC,NA,0.9728793963077287
2020-10-06,GC,NA,0.9673574566227712
2020-10-07,GC,NA,0.9601730452742052
2020-10-08,GC,NA,0.9508198087058074
2020-10-09,GC,NA,0.9386530895803764
2020-10-10,GC,NA,0.9228678215913667
2020-10-11,GC,NA,0.9024915180003578
2020-10-12,GC,NA,0.8764092944652909
2020-10-13,GC,NA,0.8434414205112043
2020-10-14,GC,NA,0.8024944147643825
2020-10-15,GC,NA,0.752812683556755
2020-10-16,GC,NA,0.6943031664637335
2020-10-17,GC,NA,0.6278515995922682
2020-10-18,GC,NA,0.5554898821806773
2020-10-19,GC,NA,0.48026846143147417
2020-10-20,GC,1.8521860258,0.4057670659797693
2021-06-22,GC,0.9893915716,0.36988132182868194
2021-06-23,GC,NA,0.36836353361134827
2021-06-24,GC,NA,0.36687736401393456
2021-06-25,GC,NA,0.3654516583221174
2021-06-26,GC,NA,0.3641150752650716
2021-06-27,GC,NA,0.36289610794686744
2021-06-28,GC,NA,0.361823115964162
2021-06-29,GC,NA,0.36092436900520014
2021-06-30,GC,NA,0.36022810202868494
2021-07-01,GC,NA,0.35976258188491456
2021-07-02,GC,NA,0.35955618496459696
2021-07-03,GC,NA,0.3596374851389089
2021-07-04,GC,NA,0.36003535088121186
2021-07-05,GC,NA,0.36077905002636573
2021-07-06,GC,NA,0.3618983601144263
2021-07-07,GC,51.358135686,0.3634236816644816
2021-07-08,GC,NA,0.3653866101165918
2021-07-09,GC,NA,0.3678214316121555
2021-07-10,GC,NA,0.37076386832281444
2021-07-11,GC,NA,0.37425071730967846
2021-07-12,GC,NA,0.37831992185836166
2021-07-13,GC,NA,0.3830106073787466
2021-07-14,GC,NA,0.38836306894234185
2021-07-15,GC,NA,0.39441765771643295
2021-07-16,GC,NA,0.4012114624812878
2021-07-17,GC,NA,0.40878106922933943
2021-07-18,GC,NA,0.4171631923545974
2021-07-19,GC,NA,0.42639414341965215
2021-07-20,GC,36.351788928,0.43650914125947443
2021-07-21,GC,NA,0.447539465579912
2021-07-22,GC,NA,0.45950329638496856
2021-07-23,GC,NA,0.47240175325056744
2021-07-24,GC,NA,0.486219102489944
2021-07-25,GC,NA,0.5009300959456341
2021-07-26,GC,NA,0.5165010291139597
2021-07-27,GC,NA,0.5328887269116189
2021-07-28,GC,NA,0.550039693122803
2021-07-29,GC,NA,0.5678870657162354
2021-07-30,GC,NA,0.5863432471244
2021-07-31,GC,NA,0.60530783999354
2021-08-01,GC,NA,0.6246710733205657
2021-08-02,GC,NA,0.6443152502073798
2021-08-03,GC,7.7210588918,0.6641166531010014
2021-08-04,GC,NA,0.6839458855442208
2021-08-05,GC,NA,0.7036633239691994
2021-08-06,GC,NA,0.7231223533543959
2021-08-07,GC,NA,0.7421767938276574
2021-08-08,GC,NA,0.760692242675089
2021-08-09,GC,NA,0.7785507458971469
2021-08-10,GC,NA,0.7956528813981536
2021-08-11,GC,NA,0.8119189872186012
2021-08-12,GC,NA,0.8272887564637909
2021-08-13,GC,NA,0.8417189032191196
2021-08-14,GC,NA,0.8551850124651457
2021-08-15,GC,NA,0.8676806098086376
2021-08-16,GC,NA,0.8792149290907894
2021-08-17,GC,73.07734311714286,0.8898104338678434
2021-08-18,GC,NA,0.8995001495502766
2021-08-19,GC,NA,0.9083248681032704
2021-08-20,GC,NA,0.916331183276617
2021-08-21,GC,NA,0.9235696913064305
2021-08-22,GC,NA,0.930093068137436
2021-08-23,GC,NA,0.9359544848787898
2021-08-24,GC,NA,0.9412063501618565
2021-08-25,GC,NA,0.9458993298958768
2021-08-26,GC,NA,0.9500818576345489
2021-08-27,GC,NA,0.9538002061132004
2021-08-28,GC,NA,0.9570972295938488
2021-08-29,GC,NA,0.9600119850932652
2021-08-30,GC,NA,0.9625797298184658
2021-08-31,GC,NA,0.9648319843838185
2021-09-01,GC,NA,0.9667966380208501
2021-09-02,GC,NA,0.9684980756742202
2021-09-03,GC,NA,0.9699576274306528
2021-09-04,GC,NA,0.9711948636944512
2021-09-05,GC,NA,0.9722274990959284
2021-09-06,GC,NA,0.9730701639544664
2021-09-07,GC,NA,0.973734303943279
2021-09-08,GC,NA,0.974228361785611
2021-09-09,GC,72.849105287,0.9745578898415957
2021-09-10,GC,NA,0.9747259456380145
2021-09-11,GC,NA,0.974734119650206
2021-09-12,GC,NA,0.9745814183959364
2021-09-13,GC,NA,0.9742638372640965
2021-09-14,GC,NA,0.9737742042686883
2021-09-15,GC,NA,0.9731019265598093
2021-09-16,GC,NA,0.9722330485573919
2021-09-17,GC,NA,0.9711511536517793
2021-09-18,GC,NA,0.9698357893463713
2021-09-19,GC,NA,0.9682614985531854
2021-09-20,GC,NA,0.966397101140628
2021-09-21,GC,NA,0.9642048088511083
2021-09-22,GC,NA,0.9616391511380213
2021-09-23,GC,NA,0.9586462598107647
2021-09-24,GC,NA,0.9551644276820836
2021-09-25,GC,NA,0.9511214368369438
2021-09-26,GC,NA,0.9464324740972406
2021-09-27,GC,NA,0.9409983937007146
2021-09-28,GC,NA,0.9347038773266294
2021-09-29,GC,NA,0.9274155780951436
2021-09-30,GC,NA,0.9189811607215616
2021-10-01,GC,NA,0.9092316801552264
2021-10-02,GC,NA,0.8979830392397948
2021-10-03,GC,NA,0.8850355085146606
2021-10-04,GC,NA,0.870176446983261
2021-10-05,GC,NA,0.8531859990412908
2021-10-06,GC,NA,0.8338457040535251
2021-10-07,GC,NA,0.8119509992351323
2021-10-08,GC,NA,0.7873287267698862
2021-10-09,GC,NA,0.7598554697631942
2021-10-10,GC,NA,0.72947903025696
2021-10-11,GC,NA,0.6962399703916434
2021-10-12,GC,NA,0.6602908096652075
2021-10-13,GC,8.354056160399999,0.6219093144424092
2020-07-13,PL,NA,0.18773786600282125
2020-07-14,PL,NA,0.18700225212571298
2020-07-15,PL,NA,0.18659276399734792
2020-07-16,PL,NA,0.18652015553680037
2020-07-17,PL,NA,0.18679653582733044
2020-07-18,PL,NA,0.18743554427116166
2020-07-19,PL,NA,0.18845253461855527
2020-07-20,PL,NA,0.18986390634427858
2020-07-21,PL,1.0602146592000001,0.19168375505599078
2020-07-22,PL,NA,0.19392276359950794
2020-07-23,PL,NA,0.19658880032563592
2020-07-24,PL,NA,0.19969057870770088
2020-07-25,PL,NA,0.20323855095366974
2020-07-26,PL,NA,0.2072448443016642
2020-07-27,PL,NA,0.21172318745500734
2020-07-28,PL,NA,0.21668763773868324
2020-07-29,PL,NA,0.22214874771307724
2020-07-30,PL,NA,0.22811665445397258
2020-07-31,PL,NA,0.23460198600591026
2020-08-01,PL,NA,0.2416155985199398
2020-08-02,PL,NA,0.24916828995073687
2020-08-03,PL,NA,0.2572692579427089
2020-08-04,PL,0.7344804243999999,0.26592064185629205
2020-08-05,PL,NA,0.2751154151784981
2020-08-06,PL,NA,0.28483764094093944
2020-08-07,PL,NA,0.29506643677380745
2020-08-08,PL,NA,0.30577675117307
2020-08-09,PL,NA,0.3169390824606555
2020-08-10,PL,NA,0.32851929701366656
2020-08-11,PL,NA,0.34047769028182906
2020-08-12,PL,NA,0.3527663144043786
2020-08-13,PL,NA,0.36533157791148263
2020-08-14,PL,NA,0.3781154433616598
2020-08-15,PL,NA,0.3910559212677469
2020-08-16,PL,NA,0.4040876820919701
2020-08-17,PL,NA,0.41714253262491113
2020-08-18,PL,4.7522780358,0.43014938014644677
2020-08-19,PL,NA,0.44303544342115364
2020-08-20,PL,NA,0.4557277140242117
2020-08-21,PL,NA,0.4681537770201573
2020-08-22,PL,NA,0.4802425244388022
2020-08-23,PL,NA,0.4919248027877099
2020-08-24,PL,NA,0.5031339383406345
2020-08-25,PL,NA,0.5138069886833603
2020-08-26,PL,NA,0.5238875655741686
2020-08-27,PL,NA,0.5333232752254953
2020-08-28,PL,NA,0.5420647469584028
2020-08-29,PL,NA,0.5500654010631408
2020-08-30,PL,NA,0.55728110171745
2020-08-31,PL,NA,0.563669711539494
2020-09-01,PL,9.758464524999999,0.5691905666679234
2020-09-02,PL,NA,0.5738057341300181
2020-09-03,PL,NA,0.5774868226470057
2020-09-04,PL,NA,0.5802145898670943
2020-09-05,PL,NA,0.5819706955300881
2020-09-06,PL,NA,0.582735326299442
2020-09-07,PL,NA,0.5824868553989292
2020-09-08,PL,NA,0.5812016004369336
2020-09-09,PL,NA,0.5788561274855593
2020-09-10,PL,NA,0.5754345951454816
2020-09-11,PL,NA,0.5709217423676841
2020-09-12,PL,NA,0.5653008877342046
2020-09-13,PL,NA,0.558554534906722
2020-09-14,PL,NA,0.5506651772108786
2020-09-15,PL,NA,0.5416190060923679
2020-09-16,PL,NA,0.5314152903906616
2020-09-17,PL,NA,0.5200598783111143
2020-09-18,PL,NA,0.5075641121223047
2020-09-19,PL,NA,0.49394652735349737
2020-09-20,PL,NA,0.4792346199697888
2020-09-21,PL,NA,0.46346661491604313
2020-09-22,PL,NA,0.44669563596262085
2020-09-23,PL,NA,0.4289984801896514
2020-09-24,PL,NA,0.41046881559308923
2020-09-25,PL,NA,0.3912148905171824
2020-09-26,PL,NA,0.3713591085303873
2020-09-27,PL,NA,0.3510368819203627
2020-09-28,PL,NA,0.3303947294430182
2020-09-29,PL,4.1730158708000005,0.3095891841330319
2020-09-30,PL,NA,0.2887890222756365
2020-10-01,PL,NA,0.2681694310893899
2020-10-02,PL,NA,0.24790086055185456
2020-10-03,PL,NA,0.2281429372434583
2020-10-04,PL,NA,0.20904027497221028
2020-10-05,PL,NA,0.19071898000924978
2020-10-06,PL,NA,0.1732843908997311
2020-10-07,PL,NA,0.15682030341345618
2020-10-08,PL,NA,0.14138717761351402
2020-10-09,PL,NA,0.1270224381710166
2020-10-10,PL,NA,0.11374162048303209
2020-10-11,PL,NA,0.10154044239520625
2020-10-12,PL,NA,0.09039745371849474
2020-10-13,PL,NA,0.0802766318260703
2020-10-14,PL,NA,0.07112967014538708
2020-10-15,PL,NA,0.06290030244264426
2020-10-16,PL,NA,0.05552724301180168
2020-10-17,PL,NA,0.048946423507996974
2020-10-18,PL,NA,0.043092896632197675
2020-10-19,PL,NA,0.03790239497000437
2020-10-20,PL,0,0.033312137625485544
2021-06-22,PL,0,2.3020587274606007e-5
2021-06-23,PL,NA,3.574354189907976e-5
2021-06-24,PL,NA,5.546505437865302e-5
2021-06-25,PL,NA,8.59654696681963e-5
2021-06-26,PL,NA,1.3300028976113163e-4
2021-06-27,PL,NA,2.0527922999854847e-4
2021-06-28,PL,NA,3.1589251119344133e-4
2021-06-29,PL,NA,4.843627881648495e-4
2021-06-30,PL,NA,7.395550100421735e-4
2021-07-01,PL,NA,0.0011237346570411757
2021-07-02,PL,NA,0.0016981172014422603
2021-07-03,PL,NA,0.0025502783286571323
2021-07-04,PL,NA,0.0038037597435624836
2021-07-05,PL,NA,0.005630050759934779
2021-07-06,PL,NA,0.008262763398268145
2021-07-07,PL,0,0.012013130534955282
2021-07-08,PL,NA,0.017284564501024956
2021-07-09,PL,NA,0.02458151179558842
2021-07-10,PL,NA,0.03450802929624697
2021-07-11,PL,NA,0.047747442124066765
2021-07-12,PL,NA,0.06501412368048505
2021-07-13,PL,NA,0.08697124512260684
2021-07-14,PL,NA,0.11411591437783354
2021-07-15,PL,NA,0.14664804472694695
2021-07-16,PL,NA,0.18435747275436404
2021-07-17,PL,NA,0.2265559490273324
2021-07-18,PL,NA,0.27209415404389925
2021-07-19,PL,NA,0.31947463240159646
2021-07-20,PL,2.3978970829999997,0.36703597325008047
2021-07-21,PL,NA,0.4131652563367872
2021-07-22,PL,NA,0.45650029140370224
2021-07-23,PL,NA,0.49604267143448993
2021-07-24,PL,NA,0.5311724884978765
2021-07-25,PL,NA,0.5615743793543684
2021-07-26,PL,NA,0.587157315271185
2021-07-27,PL,NA,0.6079772359757435
2021-07-28,PL,NA,0.6241680254600992
2021-07-29,PL,NA,0.6358955029876784
2021-07-30,PL,NA,0.6433434171184512
2021-07-31,PL,NA,0.6466603752626003
2021-08-01,PL,NA,0.6459377147465192
2021-08-02,PL,NA,0.6412053704630479
2021-08-03,PL,8.2370072574,0.6324351523848077
2021-08-04,PL,NA,0.6195597080400161
2021-08-05,PL,NA,0.6025260663752134
2021-08-06,PL,NA,0.5813341114299374
2021-08-07,PL,NA,0.5560669549845728
2021-08-08,PL,NA,0.5269004921346959
2021-08-09,PL,NA,0.4941358620267723
2021-08-10,PL,NA,0.4582328228307403
2021-08-11,PL,NA,0.4198276126922684
2021-08-12,PL,NA,0.37973268916034425
2021-08-13,PL,NA,0.33891645921309527
2021-08-14,PL,NA,0.29841652138158176
2021-08-15,PL,NA,0.25924622371824035
2021-08-16,PL,NA,0.2223047800765742
2021-08-17,PL,2.900140064,0.18830318415896669
2021-08-18,PL,NA,0.15772114046780011
2021-08-19,PL,NA,0.13080100426599267
2021-08-20,PL,NA,0.10756568064317609
2021-08-21,PL,NA,0.08785844400548944
2021-08-22,PL,NA,0.07139481037892742
2021-08-23,PL,NA,0.05781603086311659
2021-08-24,PL,NA,0.046734591682382
2021-08-25,PL,NA,0.03776798265329645
2021-08-26,PL,NA,0.03056033972223233
2021-08-27,PL,NA,0.024793954250840446
2021-08-28,PL,NA,0.020195676257257128
2021-08-29,PL,NA,0.016536499142277773
2021-08-30,PL,NA,0.013627872181826114
2021-08-31,PL,NA,0.01131673251954241
2021-09-01,PL,NA,0.00948019623806225
2021-09-02,PL,NA,0.008020471110813996
2021-09-03,PL,NA,0.006860057390805056
2021-09-04,PL,NA,0.005937161468829035
2021-09-05,PL,NA,0.005202935481202567
2021-09-06,PL,NA,0.004619672336346817
2021-09-07,PL,NA,0.004158510565807011
2021-09-08,PL,NA,0.0037974848279229254
2021-09-09,PL,NA,0.003520069075608405
2021-09-10,PL,NA,0.0033139541463157764
2021-09-11,PL,NA,0.0031698828708006397
2021-09-12,PL,NA,0.0030816341892813863
2021-09-13,PL,NA,0.0030457806025915544
2021-09-14,PL,NA,0.0030614924514209387
2021-09-15,PL,NA,0.0031305529300197582
2021-09-16,PL,NA,0.0032574289463642935
2021-09-17,PL,NA,0.003449191424508351
2021-09-18,PL,NA,0.003716606410257487
2021-09-19,PL,NA,0.004075295690672242
2021-09-20,PL,NA,0.0045472466735689285
2021-09-21,PL,NA,0.005163028394137053
2021-09-22,PL,NA,0.005965016979294262
2021-09-23,PL,NA,0.007011748591081394
2021-09-24,PL,NA,0.008383220117138325
2021-09-25,PL,NA,0.0101904340677598
2021-09-26,PL,NA,0.012588649323604132
2021-09-27,PL,NA,0.0157960589134373
2021-09-28,PL,NA,0.02012047753303493
2021-09-29,PL,NA,0.025997037507199575
2021-09-30,PL,NA,0.03403911450079683
2021-10-01,PL,NA,0.04509968040356173
2021-10-02,PL,NA,0.060343958861447757
2021-10-03,PL,NA,0.08132528717282968
2021-10-04,PL,NA,0.11002397683941961
2021-10-05,PL,NA,0.1487783849739448
2021-10-06,PL,NA,0.1999945000308853
2021-10-07,PL,NA,0.26550489017187373
2021-10-08,PL,NA,0.34555317044070977
2021-10-09,PL,NA,0.4377265854057953
2021-10-10,PL,NA,0.5365335572806499
2021-10-11,PL,NA,0.6343472791416069
2021-10-12,PL,NA,0.7235917017912931
2021-10-13,PL,NA,0.7989736159340116
2020-07-13,BN,167.94293694220002,0.6541067512659731
2020-07-14,BN,NA,0.6600082672502906
2020-07-15,BN,NA,0.6628115988199222
2020-07-16,BN,NA,0.6624311403406588
2020-07-17,BN,NA,0.6587387045854597
2020-07-18,BN,NA,0.6515583623563267
2020-07-19,BN,NA,0.640665387875753
2020-07-20,BN,169.992484692,0.6257987535577015
2020-07-21,BN,NA,0.6067069539289724
2020-07-22,BN,NA,0.5831882915287192
2020-07-23,BN,NA,0.5551304607914721
2020-07-24,BN,NA,0.5225346447771017
2020-07-25,BN,NA,0.4855733657129671
2020-07-26,BN,NA,0.4446587786713984
2020-07-27,BN,3.8884973279999997,0.4004980937052233
2020-07-28,BN,NA,0.3541250186769471
2020-07-29,BN,NA,0.3068904564519263
2020-07-30,BN,NA,0.26032177130238715
2020-07-31,BN,NA,0.215947992878586
2020-08-01,BN,NA,0.17511473499443247
2020-08-02,BN,NA,0.13882599691455014
2020-08-03,BN,0.5826503798,0.10765712600456735
2020-08-04,BN,NA,0.08175581150777904
2020-08-05,BN,NA,0.060894491013047454
2020-08-06,BN,NA,0.04456913749063171
2020-08-07,BN,NA,0.03211646173458989
2020-08-08,BN,NA,0.022828295187478666
2020-08-09,BN,NA,0.016033901932129422
2020-08-10,BN,0,0.011146439083021849
2020-08-11,BN,NA,0.007681209945844034
2020-08-12,BN,NA,0.005255041476101191
2020-08-13,BN,NA,0.0035743743226236938
2020-08-14,BN,NA,0.002420422787279269
2020-08-15,BN,NA,0.0016338527130915477
2020-08-16,BN,NA,0.0011007988485981582
2020-08-17,BN,NA,7.411527048080917e-4
2020-08-18,BN,0,4.992838537151076e-4
2020-08-19,BN,NA,3.3695095089546776e-4
2020-08-20,BN,NA,2.2808841612910585e-4
2020-08-21,BN,NA,1.5505724609479277e-4
2020-08-22,BN,NA,1.0599017300677342e-4
2020-08-23,BN,NA,7.293811469223784e-5
2020-08-24,BN,0,5.0592765073248596e-5
2020-08-25,BN,NA,3.541507913132653e-5
2020-08-26,BN,NA,2.5046274267038595e-5
2020-08-27,BN,NA,1.7915717312987055e-5
2020-08-28,BN,NA,1.2976041804619195e-5
2020-08-29,BN,NA,9.526818634772794e-6
2020-08-30,BN,NA,7.097930566271632e-6
2020-08-31,BN,NA,5.3724734511559855e-6
2020-09-01,BN,NA,4.135765839874239e-6
2020-09-02,BN,0,3.2414487005287163e-6
2020-09-03,BN,NA,2.5887803253823818e-6
2020-09-04,BN,NA,2.108147575172638e-6
2020-09-05,BN,NA,1.7515172372042667e-6
2020-09-06,BN,NA,1.4855704276951252e-6
2020-09-07,BN,NA,1.287049710851815e-6
2020-09-08,BN,NA,1.139668284119085e-6
2020-09-09,BN,NA,1.0319919159102252e-6
2020-09-10,BN,NA,9.55929097587353e-7
2020-09-11,BN,NA,9.060231406292453e-7
2020-09-12,BN,NA,8.788804217903569e-7
2020-09-13,BN,NA,8.727901759451621e-7
2020-09-14,BN,NA,8.875485823070939e-7
2020-09-15,BN,NA,9.244062831570134e-7
2020-09-16,BN,NA,9.86058444142612e-7
2020-09-17,BN,NA,1.077123641583263e-6
2020-09-18,BN,NA,1.2047743502772729e-6
2020-09-19,BN,NA,1.379676406757566e-6
2020-09-20,BN,NA,1.617462602875714e-6
2020-09-21,BN,NA,1.941023781948715e-6
2020-09-22,BN,NA,2.3839462720144926e-6
2020-09-23,BN,NA,2.9954469672767155e-6
2020-09-24,BN,NA,3.848860946040535e-6
2020-09-25,BN,NA,5.054917289038678e-6
2020-09-26,BN,NA,6.78286137652746e-6
2020-09-27,BN,NA,9.294684457646522e-6
2020-09-28,BN,NA,1.3001243261524971e-5
2020-09-29,BN,NA,1.855458756134135e-5
2020-09-30,BN,NA,2.6998094794870065e-5
2020-10-01,BN,NA,4.001705477130754e-5
2020-10-02,BN,NA,6.036498591838272e-5
2020-10-03,BN,NA,9.258701285159938e-5
2020-10-04,BN,NA,1.4425660982055397e-4
2020-10-05,BN,NA,2.2810536605877524e-4
2020-10-06,BN,NA,3.6570670797682835e-4
2020-10-07,BN,0,5.938551247089965e-4
2020-10-08,BN,NA,9.756888783013111e-4
2020-10-09,BN,NA,0.0016200606264174333
2020-10-10,BN,NA,0.0027152475595572565
2020-10-11,BN,NA,0.004587270740675939
2020-10-12,BN,NA,0.007799540618064493
2020-10-13,BN,NA,0.013319374609666104
2020-10-14,BN,NA,0.022785423151215903
2020-10-15,BN,NA,0.038898431523009175
2020-10-16,BN,NA,0.06588802895170023
2020-10-17,BN,NA,0.10977752985756999
2020-10-18,BN,NA,0.17768016899213715
2020-10-19,BN,NA,0.2748972641699294
2020-10-20,BN,5.3691595552,0.39959568625657577
2021-06-22,BN,61.576212624,0.9999999999999998
2021-06-23,BN,NA,0.9999999999999998
2021-06-24,BN,NA,0.9999999999999998
2021-06-25,BN,NA,0.9999999999999998
2021-06-26,BN,NA,0.9999999999999998
2021-06-27,BN,NA,0.9999999999999998
2021-06-28,BN,NA,0.9999999999999998
2021-06-29,BN,NA,0.9999999999999998
2021-06-30,BN,NA,0.9999999999999998
2021-07-01,BN,NA,0.9999999999999998
2021-07-02,BN,NA,0.9999999999999998
2021-07-03,BN,NA,0.9999999999999998
2021-07-04,BN,NA,0.9999999999999998
2021-07-05,BN,NA,0.9999999999999998
2021-07-06,BN,NA,0.9999999999999998
2021-07-07,BN,103.215600814,0.9999999999998405
2021-07-08,BN,NA,0.9999999999991862
2021-07-09,BN,NA,0.9999999999959697
2021-07-10,BN,NA,0.9999999999806675
2021-07-11,BN,NA,0.9999999999103706
2021-07-12,BN,NA,0.999999999599242
2021-07-13,BN,NA,0.9999999982755517
2021-07-14,BN,NA,0.9999999928744272
2021-07-15,BN,NA,0.9999999717856982
2021-07-16,BN,NA,0.9999998931610398
2021-07-17,BN,NA,0.9999996138599759
2021-07-18,BN,NA,0.9999986705908221
2021-07-19,BN,NA,0.9999956487437068
2021-07-20,BN,105.33194519999999,0.9999864868966979
2021-07-21,BN,NA,0.9999602576619504
2021-07-22,BN,NA,0.9998894779197842
2021-07-23,BN,NA,0.9997096744531072
2021-07-24,BN,NA,0.9992801123250455
2021-07-25,BN,NA,0.9983162930198003
2021-07-26,BN,NA,0.9962892450910954
2021-07-27,BN,NA,0.9923040792119018
2021-07-28,BN,NA,0.9850080550287531
2021-07-29,BN,NA,0.9726295788876204
2021-07-30,BN,NA,0.9532677509134838
2021-07-31,BN,NA,0.9255115339535024
2021-08-01,BN,NA,0.8892463583381498
2021-08-02,BN,NA,0.8462328673746086
2021-08-03,BN,22.8768819688,0.8000125331007099
2021-08-04,BN,NA,0.7550657620262767
2021-08-05,BN,NA,0.7156227463014659
2021-08-06,BN,NA,0.684823678981045
2021-08-07,BN,NA,0.6644946398119939
2021-08-08,BN,NA,0.6554020021470108
2021-08-09,BN,NA,0.6575540422818047
2021-08-10,BN,NA,0.6703916733401037
2021-08-11,BN,NA,0.6928424715632653
2021-08-12,BN,NA,0.7232685939057764
2021-08-13,BN,NA,0.7594013530890549
2021-08-14,BN,NA,0.7984987603242601
2021-08-15,BN,NA,0.8376493649652573
2021-08-16,BN,NA,0.874198827476669
2021-08-17,BN,NA,0.9061685193534692
2021-08-18,BN,NA,0.9324948838284147
2021-08-19,BN,NA,0.9530105778842127
2021-08-20,BN,NA,0.9682310212311894
2021-08-21,BN,NA,0.9790513137095151
2021-08-22,BN,NA,0.9864707997188107
2021-08-23,BN,NA,0.9914080716276462
2021-08-24,BN,NA,0.9946140647331749
2021-08-25,BN,NA,0.996655415239067
2021-08-26,BN,NA,0.997935543939089
2021-08-27,BN,NA,0.9987293664750106
2021-08-28,BN,NA,0.9992178282289542
2021-08-29,BN,NA,0.9995170095538748
2021-08-30,BN,NA,0.9996999469147908
2021-08-31,BN,NA,0.9998119223103628
2021-09-01,BN,NA,0.9998807097511891
2021-09-02,BN,NA,0.9999232205120424
2021-09-03,BN,NA,0.9999497121270716
2021-09-04,BN,NA,0.9999664046143593
2021-09-05,BN,NA,0.9999770637261189
2021-09-06,BN,NA,0.9999839682040949
2021-09-07,BN,NA,0.9999885066567724
2021-09-08,BN,NA,0.9999915334972527
2021-09-09,BN,NA,0.9999935798725148
2021-09-10,BN,NA,0.9999949800199214
2021-09-11,BN,NA,0.9999959476243074
2021-09-12,BN,NA,0.9999966189948798
2021-09-13,BN,NA,0.9999970813003548
2021-09-14,BN,NA,0.9999973901265476
2021-09-15,BN,NA,0.999997580002206
2021-09-16,BN,NA,0.9999976708515115
2021-09-17,BN,NA,0.9999976721440169
2021-09-18,BN,NA,0.9999975832929551
2021-09-19,BN,NA,0.9999973930475254
2021-09-20,BN,NA,0.9999970770885505
2021-09-21,BN,NA,0.999996592751051
2021-09-22,BN,7.130343864199999,0.9999958692401266
2021-09-23,BN,NA,0.999994790802818
2021-09-24,BN,NA,0.9999931690351946
2021-09-25,BN,NA,0.9999906896934141
2021-09-26,BN,NA,0.9999868169231104
2021-09-27,BN,NA,0.9999806161309711
2021-09-28,BN,NA,0.9999704175105002
2021-09-29,BN,NA,0.9999531619689466
2021-09-30,BN,NA,0.9999231066958328
2021-10-01,BN,NA,0.9998692465042874
2021-10-02,BN,NA,0.9997700460863391
2021-10-03,BN,NA,0.9995824093842346
2021-10-04,BN,NA,0.9992182583899867
2021-10-05,BN,NA,0.9984940282360388
2021-10-06,BN,NA,0.9970203854978444
2021-10-07,BN,NA,0.9939601336850482
2021-10-08,BN,NA,0.9875017386172322
2021-10-09,BN,NA,0.9737533804628666
2021-10-10,BN,NA,0.9446590079860757
2021-10-11,BN,NA,0.8851950843244203
2021-10-12,BN,NA,0.774051099668589
2021-10-13,BN,5.1345183916,0.6000067432277193
