date,site,sample,average.depth,cobble,sand,gravel,pebble,epilithon_gm2,epiphyton_gm2,filamentous_gm2,epilithon_chla_mgm2,epiphyton_chla_mgm2,filamentous_chla_mgm2,total.algal.biomass.g.m2,fila_macro_gm2,doy
2020-07-20,GR,5,33.5,1,0,0,0,26.54511868,2.825084306,165.2912591,179.0992633,0,463.890311,195,165.2912591,202
2020-07-27,GR,1,33.9725,1,0,0,0,35.97574444,2.79259594,161.5538465,51.13151861,0,343.9170055,200,161.5538465,209
2020-07-20,DL,5,25.25,0,0,0,1,14.79015818,1.68081833,59.05322794,18.90401881,0,400.2047707,75.5,59.05322794,202
2020-09-14,GR,2,20,1,0,0,0,22.32203162,2.243412165,104.7338842,50.9573671,0,293.047188,129,104.7338842,258
2020-08-17,GR,4,28.75,1,0,0,0,18.60344679,2.222153176,102.776474,42.26024757,0,304.3451999,124,102.776474,230
2020-09-21,GR,2,28.875,1,0,0,0,16.09964254,1.631072165,55.62857771,64.63238433,0,287.7352234,73.4,55.62857771,265
2020-07-20,GR,1,14.25,1,0,0,0,46.89240112,2.289630279,109.0518243,67.86353276,0,234.8172494,158,109.0518243,202
2020-07-20,DL,1,31.125,0,0,0,1,12.49563759,0.562909188,6.547556138,16.02021311,0,258.8176045,19.6,6.547556138,202
2020-08-10,GR,1,22.875,1,0,0,0,6.319431223,1.884957542,74.15495718,13.02944671,0,234.9297558,82.4,74.15495718,223
2020-08-10,GR,4,29.875,1,0,0,0,14.92812171,2.152417464,96.48272806,49.88259993,0,227.2186637,114,96.48272806,223
2020-07-27,GR,3,30.25,1,0,0,0,18.48477477,1.69565995,60.09437847,62.19633928,0,227.3375435,80.3,60.09437847,209
2020-08-03,GR,4,30.25,1,0,0,0,22.50676245,2.907049611,174.9065189,55.79048052,0,214.7439427,200,174.9065189,216
2020-08-24,GR,3,25.25,1,0,0,0,113.1113884,2.599173964,140.1709248,138.5479375,0,208.7344547,256,140.1709248,237
2020-08-24,GR,2,29.75,1,0,0,0,10.2481766,2.549109857,134.8787918,69.76801412,0,213.8442203,148,134.8787918,237
2021-06-22,BM,3,15.25,1,0,0,0,19.17459242,1.754511865,64.31064619,24.61226926,0,186.0071864,85.2,64.31064619,173
2020-09-14,GR,3,25.5,1,0,0,0,15.13857456,1.944637426,78.88765413,69.33235599,0,210.9974151,96,78.88765413,258
2020-08-03,GR,3,29.125,1,0,0,0,31.12948313,2.38322657,118.0578097,42.7477662,0,194.3783218,152,118.0578097,216
2021-08-17,GC,5,46.355,1,0,0,0,7.955117491,2.155025045,96.71455707,27.68369586,0,207.344989,107,96.71455707,229
2021-06-22,BM,2,11.1875,1,0,0,0,20.66530007,2.063790717,88.76553633,31.5723816,0,157.059317,111,88.76553633,173
2020-09-28,GR,5,30,1,0,0,0,6.297996211,1.588566551,52.7818774,19.67607723,0,157.2789546,60.7,52.7818774,272
2020-08-24,GR,4,32,1,0,0,0,10.78395446,1.963928699,80.4481605,30.86638119,0,147.7292308,93.2,80.4481605,237
2020-07-27,GR,4,30.625,1,0,0,0,11.68514361,2.351234428,114.9400809,39.98018354,0,143.7973133,129,114.9400809,209
2020-08-10,GR,5,32.5,1,0,0,0,10.95991643,1.42206648,42.33795808,30.1194712,0,142.2094297,54.7,42.33795808,223
2020-09-28,GR,3,32.875,1,0,0,0,4.282325641,1.3522199,38.29293803,108.1077135,0,146.2231344,43.9,38.29293803,272
2020-08-17,GR,3,35.75,1,0,0,0,8.460204316,1.870929335,73.06333855,33.92791949,0,134.1263348,83.4,73.06333855,230
2020-10-05,GR,2,18.125,1,0,0,0,30.76820575,1.637006589,56.03184954,49.88793077,0,128.7363513,88.4,56.03184954,279
2020-08-03,GR,5,31.25,1,0,0,0,3.280258323,1.939265925,78.45581062,43.86949826,0,114.2927432,83.7,78.45581062,216
2020-08-10,GR,2,24.5,1,0,0,0,7.66983697,1.238993178,32.15917797,29.60368505,0,115.197154,41.1,32.15917797,223
2020-08-04,GC,5,33.625,1,0,0,0,8.96002982,2.470931299,126.8145204,9.471121206,0,176.245893,164,126.8145204,217
2020-08-10,GR,3,35.5,1,0,0,0,7.055431584,1.2353025,31.96807813,31.42069832,0,101.9814177,40.3,31.96807813,223
2021-08-17,PL,5,26,1,0,0,0,8.663642065,0.833010454,14.50070032,16.34767092,0,112.9008043,24,16.831956957,229
2020-09-21,GR,3,34,1,0,0,0,9.107931401,1.084805453,24.65184288,98.39094914,0,112.467154,34.8,24.65184288,265
2020-07-13,BN,3,30.1625,1,0,0,0,1.111757852,5.97477585,724.2118357,2.345805194,0,96.88648728,731,724.2118357,195
2020-09-28,GR,1,27.25,1,0,0,0,12.6949832,1.077988984,24.3425216,60.48623597,0,101.1078091,38.1,24.3425216,272
2020-07-20,DL,2,24,0,0,0,1,11.43343532,0.762254247,12.12195762,21.6903562,0,118.868037,24.3,12.12195762,202
2020-09-21,GR,5,34.625,1,0,0,0,8.885786733,1.160648477,28.22252815,38.54054635,0,91.7723502,38.3,28.22252815,265
2021-09-09,GC,11,22,1,0,0,0,15.74654944,1.055031845,23.31484748,48.2734678,0,76.16055032,40.1,23.31484748,252
2020-09-21,GR,1,31.75,1,0,0,0,29.16876413,1.00280421,21.05789239,72.73044013,0,80.16385211,51.2,21.05789239,265
2020-08-04,CR,3,29,1,0,0,0,1.30217697,1.268613447,33.71310244,1.659431955,0,47.1806773,36.3,33.71310244,217
2020-09-28,GR,2,28.625,1,0,0,0,11.61699697,1.030812552,22.2542368,126.0990832,0,76.31446287,34.9,22.2542368,272
2021-10-13,BN,4,36,1,0,0,0,32.51496435,0.957272111,19.18224899,69.99024645,0,64.78032737,52.7,19.18224899,286
2020-09-21,DL,5,22.25,0,0,0,1,5.083020766,1.136408567,27.05558522,16.57340297,0,73.33492568,33.3,27.05558522,265
2020-08-24,GR,5,27.25,1,0,0,0,7.183457064,1.309643618,35.92495169,30.25831498,0,65.46721048,44.4,35.92495169,237
2020-10-05,GR,3,21.375,1,0,0,0,7.638658771,0.980263338,20.11862805,67.20986262,0,68.411527,28.7,20.11862805,279
2020-07-27,DL,3,14.875,0,0,0,1,8.386156093,0.882205084,16.27743823,31.93504485,0,70.4033007,25.5,16.27743823,209
2020-08-17,GR,1,26,1,0,0,0,3.883244693,0.911372186,17.37833344,33.79014547,0,53.33040398,22.2,17.37833344,230
2020-07-27,DL,5,31,0,0,0,1,4.855322481,0.672378614,9.402101406,11.7727812,0,59.32611416,14.9,9.402101406,209
2020-07-20,GR,3,20.75,1,0,0,0,18.29770558,1.108094,25.72308281,28.7021627,0,57.58324162,45.1,25.72308281,202
2020-08-03,GR,2,31.75,1,0,0,0,7.094599197,1.397354945,40.88408659,17.34464602,0,52.81974679,49.4,40.88408659,216
2020-09-28,GR,4,29.25,1,0,0,0,6.453887206,0.674682552,9.467596498,29.18955312,0,59.60250282,16.6,9.467596498,272
2020-07-13,BN,4,20.6375,1,0,0,0,1.179872001,2.284327311,108.5520511,2.228285334,0,45.97261148,112,108.5520511,195
2021-07-07,BM,5,7.5,1,0,0,0,6.629264576,1.201148084,30.22609532,17.57523616,0,52.78296481,38.1,30.22609532,188
2021-09-22,BN,4,29.25,1,0,0,0,23.59994805,0.179332435,0.57544792,72.78209318,0,53.02042231,24.4,0.57544792,265
2020-09-29,BM,1,17.5,1,0,0,0,11.26624223,1.006661792,21.22074029,69.5355318,0,50.04997666,33.5,21.22074029,273
2020-10-19,GR,1,24.75,1,0,0,0,9.517145264,0.589660418,7.198494292,95.74360265,0,48.09351363,17.3,7.198494292,293
2020-09-21,DL,2,22.625,0,0,0,1,9.938050951,0.86320398,15.57925778,13.66598164,0,45.20094339,26.4,15.57925778,265
2020-07-27,GR,2,29.5275,1,0,0,0,10.73777176,1.967141355,80.70949335,12.62245347,0,38.66319404,93.4,80.70949335,209
2020-09-29,PL,2,32.5,1,0,0,0,7.819492325,0.665827311,9.217082294,28.05718626,0,10.6235171,17.7,9.217082294,273
2020-07-27,DL,2,30.375,0,0,0,1,4.166966305,0.803869066,13.49571723,17.87060448,0,37.42903338,18.5,13.49571723,209
2020-09-14,GR,4,32.125,1,0,0,0,25.1701601,1.027305535,22.10266416,116.6496337,0,43.03166665,48.3,22.10266416,258
2020-08-17,GR,5,22.125,1,0,0,0,3.612773816,0.79159431,13.08299804,27.74368796,0,41.78758279,17.5,13.08299804,230
2020-08-03,DL,3,28.5,0,0,0,1,3.435837537,0.640611085,8.521763569,9.904308486,0,38.34138773,12.6,8.521763569,216
2021-08-17,GC,2,35.8775,1,0,0,0,8.791082953,1.043939547,22.82608965,26.14338765,0,45.81640428,32.7,22.82608965,229
2021-09-22,BM,3,26.5,1,0,0,0,28.28486219,0.623617091,8.068249769,79.95157586,0,40.63378091,37,8.068249769,265
2020-10-05,DL,5,25.75,0,0,0,1,4.583195262,1.038987898,22.60954499,13.8748793,0,40.07182024,28.2,22.60954499,279
2021-09-22,GR,2,31.5,1,0,0,0,23.4304166,0.655588622,8.931535651,56.47247482,0,36.22054585,33,8.931535651,265
2020-10-05,GR,4,27.625,1,0,0,0,4.590989812,0.589910177,7.204714032,14.51400521,0,39.44355561,12.4,7.204714032,279
2020-09-21,DL,4,24.875,0,0,0,1,14.71299214,0.802614839,13.45325768,19.39904426,0,37.90079328,29,13.45325768,265
2020-08-24,GR,1,26.875,1,0,0,0,6.629264576,1.004928207,21.14748085,28.44181897,0,33.992375440000004,28.8,21.14748085,237
2020-08-17,GR,2,0,0,0,0,0,9.119623226,0.630084263,8.23940481,53.37850573,0,26.80279011,18,8.23940481,230
2020-09-14,DL,5,24,0,0,0,1,2.003511072,0.772720318,12.4606529,8.257353239,0,35.70029882,15.2,12.4606529,258
2020-10-19,GR,2,32.375,1,0,0,0,8.156216875,0.59458535,7.32162581,116.1316211,0,33.40504815,16.1,7.32162581,293
2020-10-19,GR,3,24.625,1,0,0,0,12.39567249,0.423495045,3.646226372,79.0091621,0,29.80668149,16.5,3.646226372,293
2020-10-05,DL,1,26.25,0,0,0,1,4.832620855,0.690703894,9.929202876,16.35460996,0,33.52625712,15.5,9.929202876,279
2021-08-03,BM,4,19,1,0,0,0,3.019998307,0.572499316,6.777437102,11.37348304,0,26.46989741,10.4,6.777437102,215
2020-09-14,GR,1,26,1,0,0,0,17.85107787,0.590401747,7.216963314,43.83935765,0,29.28463322,25.7,7.216963314,258
2020-07-27,DL,1,36.75,0,0,0,1,2.110812793,0.487364458,4.872864627,5.22592798,0,24.34613261,7.47,4.872864627,209
2020-10-20,CR,5,28.25,1,0,0,0,5.247290902,0.815533214,13.89372592,32.17831798,0,25.64956942,20,13.89372592,294
2020-07-20,BN,1,26.75,1,0,0,0,1.15749064,0.287301229,1.61443926,1.283745005,0,26.08750828,3.06,1.61443926,202
2020-09-28,DL,4,29.75,0,0,0,1,3.61920432,0.671305931,9.371683769,15.16065419,0,26.34746922,13.7,9.371683769,272
2020-10-20,CR,2,24.75,1,0,0,0,6.524038154,0.694074118,10.02767632,38.0150339,0,6.698682229,17.2,10.02767632,294
2021-09-22,BN,3,34,1,0,0,0,25.11754689,0.505126105,5.244844482,28.05828645,0,25.79038913,30.9,5.244844482,265
2020-10-05,DL,2,26.875,0,0,0,1,5.137387751,0.621557296,8.014106614,12.12475187,0,25.07528308,13.8,8.014106614,279
2020-09-21,DL,1,31.5,0,0,0,1,3.255003982,0.591453079,7.243195339,13.55027642,0,23.04297524,11.1,7.243195339,265
2020-10-12,DL,4,29,0,0,0,1,5.440206009,0.71884853,10.76616359,14.38650808,0,22.83791854,16.9,10.76616359,286
2020-10-12,DL,5,29,0,0,0,1,3.454641888,0.584008792,7.058455367,11.82998542,0,22.09120581,11.1,7.058455367,286
2021-09-22,BN,1,33.25,1,0,0,0,50.51803594,0.449888344,4.132035176,34.78016558,0,21.46395602,55.1,4.132035176,265
2020-10-05,DL,4,25,0,0,0,1,5.237937443,0.57616779,6.866400087,8.39902848,0,19.9963366,12.7,6.866400087,279
2021-09-22,BN,2,34.5,1,0,0,0,95.01945892,0.495842021,5.048737223,57.61276894,0,19.39318368,101,5.048737223,265
2020-09-14,DL,1,24.875,0,0,0,1,6.108978379,0.630526536,8.251173955,17.38552957,0,18.24242114,15,8.251173955,258
2020-08-10,DL,4,19.875,0,0,0,1,2.240933058,0.68133698,9.65801605,4.577419501,0,15.75748692,12.6,9.65801605,223
2020-10-20,BM,5,40,1,0,0,0,8.938399944,0.748870767,11.69551864,11.20389143,0,14.50759187,21.4,11.69551864,294
2020-07-20,GR,2,22.875,1,0,0,0,9.698368546,0.741622377,11.46768806,29.73568704,0,17.37621257,21.9,11.46768806,202
2020-10-20,CR,4,26.625,1,0,0,0,4.755065085,0.50544855,5.251721241,34.24687991,0,16.6829542,10.5,5.251721241,294
2020-10-12,DL,1,29,0,0,0,1,5.009362271,0.665154926,9.198195052,28.28561381,0,17.51810696,14.9,9.198195052,286
2020-10-19,DL,3,35.25,0,0,0,1,8.938399944,0.506179286,5.267321919,27.90207004,0,18.39726765,14.7,5.267321919,293
2020-08-24,DL,2,21.875,0,0,0,1,3.355219622,0.669469641,9.319724979,11.23211492,0,15.30123254,13.3,9.319724979,237
2020-08-17,DL,4,23.5,0,0,0,1,1.963057359,0.621059024,8.001036027,3.410830877,0,14.26498801,10.6,8.001036027,230
2020-10-19,DL,2,32.25,0,0,0,1,7.190472159,0.461788005,4.360787365,22.22038727,0,15.71024349,12,4.360787365,293
2020-09-28,DL,5,26.125,0,0,0,1,3.051566233,0.539546236,6.003810984,17.99432871,0,16.01502434,9.59,6.003810984,272
2020-07-20,GR,4,35.625,1,0,0,0,10.57876294,0.59152623,7.245022291,23.44430605,0,12.76919641,18.4,7.245022291,202
2020-09-14,GR,5,29.125,1,0,0,0,2.861574083,0.521009599,5.588834865,6.489548698,0,14.37298152,8.97,5.588834865,258
2021-10-13,GC,4,37,1,0,0,0,1.419621349,0.488951486,4.905556168,3.795131874,0,14.25719617,6.81,9.323896702999999,286
2020-10-05,DL,3,27.875,0,0,0,1,2.469897957,0.405381856,3.330052429,9.163191922,0,14.9221487,6.21,3.330052429,279
2020-08-24,DL,1,21,0,0,0,1,1.142992778,0.546123781,6.154559701,2.944724715,0,13.13219733,7.84,6.154559701,237
2020-09-28,DL,2,22.875,0,0,0,1,2.819483514,0.453878563,4.20806815,9.373684428,0,13.77815502,7.48,4.20806815,272
2021-10-13,GC,5,58,1,0,0,0,25.25434124,0.533367506,5.863871334,57.69878214,0,12.61052776,31.7,36.821430884,286
2020-09-28,DL,1,23.25,0,0,0,1,4.566826708,0.491849966,4.965538934,14.39466859,0,13.30334794,10,4.965538934,272
2020-10-19,DL,4,35.25,0,0,0,1,5.909048177,0.521136652,5.591629626,16.21390616,0,12.58742446,12,5.591629626,293
2021-07-20,PL,1,30.5,1,0,0,0,4.835738675,0.315708406,1.972221665,15.61042138,0,12.17164643,7.12,2.489000314,201
2020-07-21,BM,1,32.25,1,0,0,0,4.037576779,0.336535359,2.256711348,3.013975217,0,10.6637739,6.63,2.256711348,203
2020-10-12,DL,3,29,0,0,0,1,3.511054942,0.44629776,4.064197588,10.74261501,0,13.23135075,8.02,4.064197588,286
2020-10-20,BN,3,25,1,0,0,0,2.438135167,1.059273818,23.50310229,14.13067471,0,11.79207102,27,23.50310229,294
2020-08-03,DL,4,31.375,0,0,0,1,3.158796968,0.459810724,4.322359173,4.141701148,0,11.22868076,7.94,4.322359173,216
2021-08-03,PL,2,8.6875,1,0,0,0,5.098804729,0.361848301,2.627664217,11.49780696,0,15.04816321,8.09,2.627664217,215
2020-10-12,DL,2,29,0,0,0,1,5.66351986,0.473492782,4.591678682,11.47358952,0,12.64545186,10.7,4.591678682,286
2020-10-05,GR,1,20.375,1,0,0,0,8.740808107,0.436615975,3.884019235,69.19137468,0,11.91878076,13.1,3.884019235,279
2020-09-14,DL,4,24.875,0,0,0,1,3.703970049,0.516905845,5.498934047,9.149376085,0,11.32255084,9.72,5.498934047,258
2020-10-19,GR,5,17.375,1,0,0,0,11.69065547,0.432152438,3.802300388,51.51451551,0,9.951047811,15.9,3.802300388,293
2020-08-03,GR,1,24.875,1,0,0,0,4.545781423,0.511968268,5.391713495,9.788302342,0,9.609065326,10.4,5.391713495,216
2020-10-19,DL,5,24.625,0,0,0,1,7.155396685,0.443894056,4.019091264,16.99730256,0,10.518754,11.6,4.019091264,293
2020-08-24,DL,3,23,0,0,0,1,0.824273638,0.446962052,4.076706716,3.77650987,0,9.83664757,5.35,4.076706716,237
2020-09-21,GR,4,29.25,1,0,0,0,7.623654262,0.390173247,3.075428948,29.50695207,0,10.1711719,11.1,3.075428948,265
2020-09-14,DL,2,21.25,0,0,0,1,3.898638929,0.406136038,3.342936873,17.29437445,0,9.826539781,7.65,3.342936873,258
2020-08-03,BN,4,33.25,1,0,0,0,13.56173714,0.380163174,2.913251899,46.61153937,0,9.070285873,16.9,2.913251899,216
2020-08-24,DL,5,28.125,0,0,0,1,2.219320897,0.415596658,3.506630551,10.28647158,0,9.390547165,6.14,3.506630551,237
2020-10-20,GC,2,25,1,0,0,0,8.492356834,0.450727791,4.147974314,30.1671841,0,9.154473392,13.1,4.147974314,294
2021-09-22,GR,5,11.75,1,0,0,0,10.42560004,0.319057807,2.016708939,33.96466819,0,9.070820336,12.8,2.016708939,265
2020-08-10,DL,1,22.75,0,0,0,1,2.718349231,0.41806717,3.550007552,8.559165381,0,8.142132198,6.69,3.550007552,223
2020-08-04,CR,1,16.25,1,0,0,0,0.860518294,0.321510359,2.04959168,2.049822389,0,7.777096327,3.23,2.04959168,217
2020-09-21,DL,3,19.5,0,0,0,1,4.134229196,0.356742358,2.55061684,12.38078532,0,9.196880767,7.04,2.55061684,265
2020-08-04,CR,2,29.75,1,0,0,0,3.591728532,0.303222562,1.810659334,1.612100912,0,7.506338542,5.71,1.810659334,217
2020-07-21,PL,1,33.5,1,0,0,0,14.27337953,0,0,23.54737039,0,0,14.3,35.07547395,203
2020-07-21,PL,5,17.75,0,1,0,0,0,0,0,0,0,0,8.16e-8,0,203
2020-07-21,GC,1,25.75,1,0,0,0,20.61034849,1.997631754,64.93288655,39.59248735,2.46190485,365.1133866,87.5,64.93288655,203
2020-07-21,GC,5,32.75,1,0,0,0,15.15260474,5.350178959,115.749064,42.89419976,7.391866224,145.9601196,136,115.749064,203
2020-08-04,PL,1,34.75,0,1,0,0,0.389727488,0.282942157,0,0.478885183,1.372113724,52.44362165,0.673,0,217
2020-08-04,PL,5,7.375,0,1,0,0,0,0,0,0,0,0,4.54e-7,0,217
2020-08-04,GC,1,33.375,1,0,0,0,6.753197917,4.103830452,46.33196332,20.42558324,2.878380473,0,57.2,46.33196332,217
2020-08-04,GC,3,39,1,0,0,0,1.756891517,3.624465641,130.1853282,10.97501849,4.127432972,144.4633593,136,130.1853282,217
2020-08-04,GC,4,36.25,1,0,0,0,1.124753531,6.31358531,135.3606176,5.603729956,3.886884612,216.8243862,143,135.3606176,217
2020-08-18,GC,1,22.25,1,0,0,0,4.777279551,0.98415934,25.01775666,15.90155464,2.472344097,31.6686813,30.8,25.01775666,231
2020-08-18,PL,3,35.5,1,0,0,0,5.471773936,0.233836493,5.934752442,13.7393421,0,5.793235605,11.6,5.934752442,231
2020-08-18,GC,4,25.25,1,0,0,0,21.7146803,23.23399394,322.4646895,19.5160356,11.25036697,207.9225662,367,322.4646895,231
2020-09-01,PL,2,27,1,0,0,0,6.695907976,0,43.39186882,16.12815629,0,0,50.1,43.39186882,245
2020-09-01,PL,4,27.25,1,0,0,0,7.693220619,0,0,14.40793789,0,0,7.69,0,245
2020-09-29,PL,5,16.75,1,0,0,0,5.854486329,0,11.64799706,26.7094492,0,0,17.5,11.64799706,273
2020-09-29,BM,3,31.5,1,0,0,0,25.00179783,0,0,100.0845664,0,0,25,0,273
2020-09-29,GC,2,20.5,1,0,0,0,20.47940005,5.526725511,105.8790684,60.53253057,19.48570261,144.1866238,132,105.8790684,273
2020-10-20,GC,1,30,1,0,0,0,18.7162729,0,5.112955815,78.16083398,0,5.949774162,23.8,12.30416885,294
2020-10-20,GC,4,30,1,0,0,0,5.537248154,0,0,24.67697574,0,0,5.54,0,294
2020-10-20,BM,3,40,1,0,0,0,4.329482667,0,0,8.959552173,0,0,4.33,0,294
2020-10-20,BM,4,20,1,0,0,0,8.347962799,0,0,36.60913691,0,0,8.35,0,294
2020-10-20,BN,5,40,1,0,0,0,4.746880807,0,0,16.75235684,0,0,4.75,0,294
2021-06-22,PL,1,25.25,1,0,0,0,14.59139716,0,0,23.35945424,0,0,14.6,0,173
2021-06-22,PL,3,29.25,1,0,0,0,8.388884185,0,0,21.43514551,0,0,8.39,0,173
2021-06-22,GC,1,13.875,1,0,0,0,6.430503557,0,4.946957858,22.73079245,0,3.351850336,11.4,4.946957858,173
2021-06-22,BM,1,14.25,1,0,0,0,4.559811613,0,3.497570371,10.51841164,0,6.288221347,8.06,3.497570371,173
2021-06-22,BM,4,17.0625,1,0,0,0,0.800889988,1.199581209,108.8582718,18.24704662,1.204899773,166.4687931,111,108.8582718,173
2021-06-22,BN,1,15,1,0,0,0,19.20732953,7.099275927,96.51168119,17.1122866,3.868741542,168.2829609,123,96.51168119,173
2021-06-22,BN,5,12.6875,1,0,0,0,8.535031994,3.633819101,61.66418643,19.8899993,2.061687066,93.93370639,73.8,61.66418643,173
2021-07-07,PL,1,30.75,1,0,0,0,8.231044553,0,0,20.24490321,0,0,8.23,0,188
2021-07-07,PL,4,33.25,1,0,0,0,7.810138865,0,0,17.91041061,0,0,7.81,0,188
2021-07-07,BM,3,7,1,0,0,0,33.19542854,0,160.63406,39.29415742,7.568957235,384.089971,194,160.63406,188
2021-07-07,BN,2,15.875,1,0,0,0,11.5749064,3.167315297,157.3868585,18.05817002,4.625942421,231.476675,172,157.3868585,188
2021-07-07,BN,3,6.8125,1,0,0,0,0,2.095174977,83.19023195,8.337124776,2.975780761,112.3027069,85.3,83.19023195,188
2021-07-20,BN,2,10.75,1,0,0,0,21.38142433,23.81624681,12.88657694,38.81048561,35.56131661,51.01081616,58.1,12.88657694,201
2021-07-20,BM,2,18.5,1,0,0,0,45.95120923,51.98419075,112.824946,43.07577059,43.12693731,189.3611942,211,112.824946,201
2021-07-20,BM,3,27.25,1,0,0,0,33.38951283,42.79207821,119.1886731,35.91623172,63.76598049,407.7087594,195,119.1886731,201
2021-07-20,BM,4,27.75,1,0,0,0,15.06140851,25.36190603,95.40011032,31.72146729,54.91710349,266.7379996,136,95.40011032,201
2021-07-20,BM,5,32.75,1,0,0,0,22.99197317,42.23087063,88.8752175,35.055696,87.06296729,146.61082,154,88.8752175,201
2021-07-20,BN,1,22.5,1,0,0,0,13.39883105,15.62612364,87.91411786,32.72102224,47.26768172,293.3068417,117,87.91411786,201
2021-08-03,BN,1,24.125,1,0,0,0,15.60332459,5.145572028,16.56674854,15.36279308,11.2269181,19.34868673,37.3,16.56674854,215
2021-08-03,BN,3,33,1,0,0,0,4.06524743,0.860518294,17.23238431,5.360204342,4.812787927,59.22505347,22.2,17.23238431,215
2021-08-03,GR,1,15.9375,1,0,0,0,7.340127514,0,0,45.17335359,0,0,7.34,0,215
2021-08-03,GC,5,27.625,1,0,0,0,5.15609467,0,0,13.33653771,0,0,5.16,40.86677018,215
2021-08-03,BM,3,18.5,1,0,0,0,3.642003378,0,0,13.75924569,0,0,3.64,0,215
2021-08-17,PL,1,27.625,1,0,0,0,4.629962561,1.800540996,0,33.64926982,0,0,6.43,0,229
2021-08-17,PL,2,12.25,1,0,0,0,4.758572632,0,0,17.78359746,0,0,4.76,1.61216003,229
2021-08-17,PL,3,33.625,1,0,0,0,0.708190522,0,0,13.30153917,0,0,0.708,0,229
2021-08-17,PL,4,39,1,0,0,0,6.266818012,0,0,16.13862191,0,0,6.27,0,229
2021-08-17,DL,1,9.375,1,0,0,0,5.143233663,0,0,8.271414365,0,0,5.14,0,229
2021-08-17,DL,2,20.625,1,0,0,0,9.94681982,0,0,35.50701618,0,0,9.95,0,229
2021-08-17,DL,3,21,1,0,0,0,9.470377966,0,0,5.779089016,0,0,9.47,0,229
2021-08-17,DL,4,36.125,1,0,0,0,9.712398736,0,0,28.25960757,0,0,9.71,0,229
2021-08-17,DL,5,37.625,1,0,0,0,4.195026684,0,0,21.5899767,0,0,4.2,0,229
2021-08-17,GR,1,25.75,1,0,0,0,4.332990215,0,0,9.43657372,0,0,4.33,0,229
2021-08-17,GR,2,36.7,1,0,0,0,3.846610309,0,0,13.19908607,0,0,3.85,0,229
2021-08-17,GR,3,11.5,1,0,0,0,3.619788911,0,0,8.241893584,0,0,3.62,5.097395203,229
2021-08-17,GR,4,25.25,1,0,0,0,10.21047047,0,0,17.63230182,0,0,10.2,35.83751384,229
2021-08-17,GR,5,17.125,1,0,0,0,9.902975478,0,0,33.90166375,0,0,9.9,5.739037035,229
2021-08-17,GC,1,22.86,1,0,0,0,5.81083685,0,0,18.45811952,0,0,5.81,6.830128774,229
2021-08-17,GC,3,37.7825,1,0,0,0,9.698368546,3.226943603,100.3361917,25.55605458,10.79801267,148.5128723,113,100.3361917,229
2021-08-17,GC,4,33.81375,1,0,0,0,8.038129446,5.313934303,75.2285633,23.7750706,10.75339899,140.6195322,88.6,75.2285633,229
2021-08-17,GC,6,45.72,1,0,0,0,8.73262383,3.739045523,107.6248161,16.07965018,4.948876627,143.7187727,120,107.6248161,229
2021-08-17,GC,7,47.625,1,0,0,0,9.513637717,4.714143698,108.811184,32.11563851,17.26182881,267.1262401,123,108.811184,229
2021-08-17,BM,1,30.95625,1,0,0,0,26.30660546,25.91492933,64.54347564,21.19973103,9.597938403,163.5452598,117,64.54347564,229
2021-08-17,BM,2,31.4325,1,0,0,0,9.470377966,7.721280998,9.222266324,25.7165262,12.52636245,31.043406,26.4,9.222266324,229
2021-08-17,BM,3,37.94125,1,0,0,0,15.88334379,23.10304551,109.2928766,34.56620922,73.34958316,170.8412775,148,109.2928766,229
2021-08-17,BM,4,37.94125,1,0,0,0,23.51342855,19.25877356,49.54304655,52.84895314,34.52666676,174.9352169,92.3,49.54304655,229
2021-08-17,BM,5,37.94125,1,0,0,0,0,29.00040186,103.7676628,0,47.91089362,202.146786,133,103.7676628,229
2021-08-17,BM,6,41.43375,1,0,0,0,11.45798816,2.689119669,24.26621557,34.30746546,6.459681674,67.97815627,38.4,24.26621557,229
2021-08-17,BM,7,24.765,1,0,0,0,15.63898465,12.67978383,28.14274634,54.72387111,3.234360838,63.08641991,56.5,28.14274634,229
2021-09-09,GC,1,18.75,1,0,0,0,9.263432669,1.818663324,40.8181783,32.53538143,13.53963999,177.0088721,51.9,40.8181783,252
2021-09-09,GC,2,30,1,0,0,0,12.36761211,1.758450427,10.6019777,48.42238441,6.208179676,28.48314908,24.7,10.6019777,252
2021-09-09,GC,3,34.5,1,0,0,0,10.44313778,17.70726843,80.13191726,42.47861615,34.34685317,234.4544597,108,80.13191726,252
2021-09-09,GC,4,41.75,1,0,0,0,14.80535755,7.99720806,130.6292705,21.99294542,11.26369126,299.2682728,153,130.6292705,252
2021-09-09,GC,5,47.75,1,0,0,0,4.890690251,2.932309622,63.15682085,10.62873655,11.8808269,145.5549765,71,63.15682085,252
2021-09-09,GC,6,20.5,1,0,0,0,16.54627024,4.054724788,64.13313485,45.2042896,6.637098905,228.8525134,84.7,64.13313485,252
2021-09-09,GC,7,31.25,1,0,0,0,18.87762008,1.206596304,12.03408959,50.47037572,3.503166047,44.66962951,32.1,12.03408959,252
2021-09-09,GC,8,34.875,1,0,0,0,15.00528775,32.14316432,212.6810384,39.41393592,44.69421759,282.7238684,260,212.6810384,252
2021-09-09,GC,9,37.75,1,0,0,0,5.745362632,1.799371813,99.27333899,9.611009921,2.981296134,60.58126291,107,99.27333899,252
2021-09-09,GC,10,45,1,0,0,0,6.049934665,4.608917277,63.80790698,10.62407367,10.87920718,105.8071523,74.5,63.80790698,252
2021-09-09,GC,12,31.375,1,0,0,0,17.28519356,1.813402003,30.23255383,44.78337451,3.550272806,163.7068676,49.3,30.23255383,252
2021-09-09,GC,13,35.75,1,0,0,0,0.869871754,3.32515493,104.3553902,2.143601392,6.288201412,192.2320116,109,104.3553902,252
2021-09-09,GC,14,35.75,1,0,0,0,5.555955073,3.979298489,103.4199357,16.73309175,7.97933458,345.1482485,113,103.4199357,252
2021-09-09,GC,15,42.75,1,0,0,0,3.953005914,4.707128604,72.31873961,9.250297781,8.725202257,211.0095774,81,72.31873961,252
2021-09-09,GC,16,23.875,1,0,0,0,19.53002389,0.748276778,13.6307145,44.05221905,2.689788255,17.00344796,33.9,13.6307145,252
2021-09-09,GC,17,31.75,1,0,0,0,4.793648106,1.648547275,41.29186204,14.7929344,3.754620822,100.9157281,47.7,41.29186204,252
2021-09-09,GC,18,33.75,1,0,0,0,6.134700393,2.168833472,112.7875099,14.78891232,12.51857228,276.1939074,121,112.7875099,252
2021-09-09,GC,19,44.375,1,0,0,0,4.072262525,5.787453201,106.5276181,10.66687167,7.267240095,359.8249197,116,106.5276181,252
2021-09-09,GC,20,36.25,1,0,0,0,6.629264576,1.150475545,71.83526096,14.14708484,2.568163347,59.38588798,79.6,71.83526096,252
2021-07-20,PL,2,16.5,1,0,0,0,2.865666221,0,0,4.182833268,0,0,2.87,0,201
2021-07-20,PL,3,27,1,0,0,0,3.395305878,0.253879621,10.01726375,23.61183471,4.061454072,84.15754767,13.7,10.01726375,201
2021-07-20,PL,4,25.875,1,0,0,0,4.2406248,0,0,7.680322338,0,0,4.24,0,201
2021-07-20,PL,5,33.125,1,0,0,0,6.357429653,0,0,17.86591845,0,0,6.36,5.543094066,201
2021-07-20,DL,1,34.25,1,0,0,0,12.69264484,0,0,25.46875941,0,0,12.7,0,201
2021-07-20,DL,2,20.375,1,0,0,0,2.739394515,0,0,10.96684918,0,0,2.74,0,201
2021-07-20,DL,3,6.375,1,0,0,0,10.34901859,0,0,14.33603324,0,0,10.3,0,201
2021-07-20,DL,4,26.25,1,0,0,0,5.598045642,0,0,9.767667745,0,0,5.6,0,201
2021-07-20,DL,5,35.125,1,0,0,0,7.766879114,0,0,19.10561826,0,0,7.77,0,201
2021-07-20,GR,1,37.5,1,0,0,0,13.29945054,0,0,31.7924179,0,0,13.3,0,201
2021-07-20,GR,2,32.75,1,0,0,0,32.14959483,0,0,33.63968681,0,0,32.1,0,201
2021-07-20,GR,3,34.75,1,0,0,0,28.80865593,0,0,63.73001199,0,0,28.8,0,201
2021-07-20,GR,4,36,1,0,0,0,7.934072207,0,0,37.52408096,0,0,7.93,0,201
2021-07-20,GR,5,33,1,0,0,0,14.45109527,0,0,56.61596508,0,0,14.5,0,201
2021-07-20,GC,1,26.25,1,0,0,0,35.8050438,0,0,108.9924516,0,0,35.8,51.21603787,201
2021-07-20,GC,2,33.5,1,0,0,0,10.59746986,0,0,83.49241324,0,0,10.6,2.094005795,201
2021-07-20,GC,3,38.25,1,0,0,0,5.050868248,2.507896387,56.68443419,11.28413989,5.283218886,166.4852658,64.2,56.68443419,201
2021-07-20,GC,4,32.5,1,0,0,0,7.9878546,1.890568046,10.78574445,27.00467341,3.999867203,19.63544954,20.7,10.78574445,201
2021-07-20,GC,5,26.25,1,0,0,0,8.184277254,4.499014125,114.288766,28.98076719,9.883087076,336.6377259,127,114.288766,201
2021-07-20,BM,1,12,1,0,0,0,10.43846105,15.22275569,101.1590089,18.79904391,39.35964144,311.6586608,127,101.1590089,201
2021-07-20,BN,3,11.75,1,0,0,0,6.383736258,6.510007964,215.7216195,3.496448053,43.89103715,341.1120198,229,215.7216195,201
2021-07-20,BN,4,26,1,0,0,0,14.77378963,23.8700292,102.1936399,42.54728013,98.39190775,255.6079497,141,102.1936399,201
2021-07-20,BN,5,33.75,1,0,0,0,16.43870546,13.65137446,107.9437718,35.6147024,77.92556924,262.2541621,138,107.9437718,201
2021-08-03,PL,1,14.6875,1,0,0,0,8.245074742,0.32269436,26.44682596,17.61571933,1.169079121,32.47737588,35,26.44682596,215
2021-08-03,PL,3,16.6875,1,0,0,0,20.62437868,0.421490279,12.11054611,6.215080893,1.566313119,31.94389705,33.2,12.11054611,215
2021-08-03,PL,4,11,1,0,0,0,2.623645451,0,0,5.776796571,0,0,2.62,0,215
2021-08-03,PL,5,16.125,1,0,0,0,4.349358769,0,0,9.331617052,0,0,4.35,0,215
2021-08-03,DL,1,3.4375,1,0,0,0,9.885437741,0,0,26.44828316,0,0,9.89,1.12676408,215
2021-08-03,DL,2,5.75,1,0,0,0,7.598516839,0,0,36.60725237,0,0,7.6,1.071820237,215
2021-08-03,DL,3,3.6875,1,0,0,0,8.046313723,0,0,34.74157395,0,0,8.05,0,215
2021-08-03,DL,4,3.4375,1,0,0,0,7.510828154,0,0,33.01770345,0,0,7.51,0,215
2021-08-03,DL,5,8.625,1,0,0,0,8.022930074,0,0,41.18047188,0,0,8.02,0,215
2021-08-03,GR,2,15.25,1,0,0,0,9.620033321,0,1.806452892,23.86846415,0,2.644029037,11.4,1.806452892,215
2021-08-03,GR,3,9.6875,0,1,0,0,8.745484837,0,0,27.23125898,0,0,8.75,5.203264561,215
2021-08-03,GR,4,15.5625,1,0,0,0,6.430503557,0,0,28.86722239,0,0,6.43,5.431474895,215
2021-08-03,GR,5,8.625,1,0,0,0,22.31384734,0,0,45.20996114,0,0,22.3,0,215
2021-08-03,GC,1,24.875,1,0,0,0,3.66187948,0,0,19.26744272,0,0,3.66,0.698368885,215
2021-08-03,GC,2,21.375,1,0,0,0,12.94518825,0,1.740904709,25.05284507,0,4.278804068,14.7,55.426893289,215
2021-08-03,GC,3,35.375,1,0,0,0,1.031218934,0.336139959,36.86438975,3.72582118,2.26613849,103.4858619,38.2,36.86438975,215
2021-08-03,GC,4,36.375,1,0,0,0,12.88439076,0,0,59.01068075,0,0,12.9,0,215
2021-08-03,BM,1,28.375,1,0,0,0,7.051339446,0.589267962,3.835822431,14.56766022,1.222011647,17.55350954,11.5,3.835822431,215
2021-08-03,BM,2,28.375,1,0,0,0,13.35323293,1.021865474,16.56012407,24.86583535,5.040872603,21.21514641,30.9,16.56012407,215
2021-08-03,BM,5,26,1,0,0,0,5.892679623,0.619666706,0,11.99468359,2.992485105,0,6.51,0,215
2021-08-03,BN,2,26.5,1,0,0,0,4.068754978,0,0.708799594,14.181448,0,1.745308758,4.78,0.708799594,215
2021-08-03,BN,4,33.5,1,0,0,0,7.047831898,0,0,34.1365231,0,0,7.05,0,215
2021-08-03,BN,5,23.5,1,0,0,0,26.73452624,117.9062057,79.8764774,61.05398539,62.08631962,344.5483763,225,79.8764774,215
2020-07-21,PL,2,23.5,1,0,0,0,21.32588816,0,5.301073296,56.2515758,0,6.292463455,26.6,5.301073296,203
2020-07-21,PL,3,18,0,0,0,1,0.383491848,0,0,0.706554642,0,0,0.383,0,203
2020-07-21,PL,4,31,0,0,0,1,1.9081057830000001,0,0,3.253679252,0,0,1.91,0,203
2020-07-21,CR,1,24,1,0,0,0,13.81506,1.643870546,57.95169805,34.42503829,4.843999557,261.9913935,73.4,57.95169805,203
2020-07-21,CR,2,36.75,1,0,0,0,14.04421977,2.099267116,71.32480709,31.43556406,6.651332258,213.2549644,87.5,71.32480709,203
2020-07-21,CR,3,35.25,1,0,0,0,12.40970268,0.561207583,35.18888465,48.26486744,1.574593708,76.27148579,48.2,35.18888465,203
2020-07-21,CR,4,37.25,1,0,0,0,5.670534955,0,0,7.628371621,0,0,5.67,0,203
2020-07-21,CR,5,38,1,0,0,0,8.48592633,3.086641707,67.34958671,18.37186079,8.51113035,134.7561165,78.9,67.34958671,203
2020-07-21,GC,2,35.25,1,0,0,0,41.36567561,5.153756305,188.2383768,86.41503041,13.85342613,173.7529056,235,188.2383768,203
2020-07-21,GC,3,21.5,1,0,0,0,35.06670508,0.531978022,52.61321092,25.27911938,0.421993039,0.024417944,88.2,52.61321092,203
2020-07-21,GC,4,32.5,1,0,0,0,7.365849529,1.761373383,22.33138508,13.71951593,0.825433888,49.27528502,31.5,22.33138508,203
2020-07-21,BM,2,22.75,1,0,0,0,5.198185239,0,0,12.06990134,0,0,5.2,0,203
2020-07-21,BM,3,10,1,0,0,0,0.631358531,0,0,2.424847907,0,0,0.631,0,203
2020-07-21,BM,4,28.25,1,0,0,0,0.315679266,0,0,0.772516303,0,0,0.316,0,203
2020-07-21,BM,5,38,1,0,0,0,17.04668034,1.215949763,77.46301503,35.80369673,3.08957553,305.2647612,95.7,77.46301503,203
2020-08-04,BM,1,26.5,1,0,0,0,8.965291141,1.210103851,5.247290902,24.57522358,2.28075323,9.656912045,15.4,5.247290902,217
2020-08-04,BM,2,55.75,1,0,0,0,16.24491346,0,0,27.91191014,0,0,16.2,0,217
2020-08-04,BM,3,32.25,0,1,0,0,4.822877668,0,0,15.40733997,0,0,4.82,0,217
2020-08-04,BM,4,30.75,1,0,0,0,19.49319465,2.911264338,13.91794806,26.07225146,1.816297273,26.79418645,36.3,13.91794806,217
2020-08-04,BM,5,15.25,1,0,0,0,12.55935804,0,3.41050525,50.31070498,0,5.029261798,16,3.41050525,217
2020-08-04,CR,4,35,1,0,0,0,1.080714325,0.546300507,690.1803876,4.570913659,1.992080992,840.804451,692,690.1803876,217
2020-08-04,CR,5,31.5,1,0,0,0,3.584713437,4.542273876,122.8616043,11.07447227,2.849962,215.5912662,131,122.8616043,217
2020-08-04,GC,2,31,1,0,0,0,7.862362349,7.979670323,174.5516704,73.83977729,4.18494036,392.8381177,190,174.5516704,217
2020-08-04,PL,2,27.375,0,0,0,1,1.470831541,0,0,1.742444734,0,0,1.47,0,217
2020-08-04,PL,3,35,1,0,0,0,3.860640499,0.233836493,3.672402122,11.73480012,1.504156491,32.6615755,7.77,3.672402122,217
2020-08-04,PL,4,38.875,0,0,0,1,1.557935634,0,0,1.789294396,0,0,1.56,0,217
2020-08-18,BM,1,21.5,1,0,0,0,2.360287101,0,0,37.367584,0,0,2.36,0,231
2020-08-18,BM,2,28.5,1,0,0,0,25.86816204,0,0,63.07375066,0,0,25.9,0,231
2020-08-18,BM,3,28.5,1,0,0,0,33.63737951,0,0,108.5650168,0,0,33.6,0,231
2020-08-18,BM,4,32.25,1,0,0,0,26.93211808,0,0,67.27916194,0,0,26.9,0,231
2020-08-18,BM,5,27,1,0,0,0,11.79938944,0,0,53.57620026,0,0,11.8,0,231
2020-08-18,BN,1,10.75,1,0,0,0,12.04257939,0,0,49.28227579,0,0,12,0,231
2020-08-18,BN,2,34,1,0,0,0,21.29782778,0,0,39.08579795,0,0,21.3,0,231
2020-08-18,BN,3,40,1,0,0,0,13.92145561,0,0,45.93522293,0,0,13.9,0,231
2020-08-18,BN,4,20,1,0,0,0,11.08384977,0,0,22.28462741,0,0,11.1,0,231
2020-08-18,BN,5,33.75,1,0,0,0,14.19972104,0,0,64.52789829,0,0,14.2,0,231
2020-08-18,CR,1,11,1,0,0,0,2.406177513,0,1.580419988,6.580862433,0,6.453474397,3.99,1.580419988,231
2020-08-18,CR,2,25.25,1,0,0,0,4.021987679,0.531978022,112.2316549,9.84705355,1.48478851,114.0478911,117,112.2316549,231
2020-08-18,CR,3,27.75,1,0,0,0,7.289852669,2.471651731,648.4767583,8.544336769,10.37066797,791.3579744,658,648.4767583,231
2020-08-18,CR,4,32,1,0,0,0,7.536550169,4.012634219,386.677613,13.30386303,6.121919323,179.7546042,398,386.677613,231
2020-08-18,CR,5,26.25,1,0,0,0,4.793648106,0.34919583,13.84824449,23.81090335,1.2342939,8.89412164,19,13.84824449,231
2020-08-18,GC,2,30,1,0,0,0,27.99139739,9.815286793,57.12511034,22.29761054,4.053689512,233.7949652,94.9,57.12511034,231
2020-08-18,GC,3,18.25,1,0,0,0,8.207660903,15.54311169,23.25389961,21.05432248,25.56968718,155.9498209,47,23.25389961,231
2020-08-18,GC,5,40,1,0,0,0,5.176847659,3.928453082,69.75708647,20.05037661,4.067714359,75.89983481,78.9,69.75708647,231
2020-08-18,PL,1,36,0,0,0,1,10.92016422,0,0,15.8868069,0,0,10.9,0,231
2020-08-18,PL,2,29.25,1,0,0,0,2.659890108,0.662341866,16.01017022,5.258424302,2.979530676,13.75290601,19.3,16.01017022,231
2020-08-18,PL,4,30.25,1,0,0,0,9.411918842,0,1.816467517,22.31569507,0,3.747470531,11.2,1.816467517,231
2020-08-18,PL,5,28.25,0,0,0,1,1.732728413,0,0,3.625031841,0,0,1.73,0,231
2020-09-01,PL,1,31,1,0,0,0,4.011465037,0.526911564,5.400453805,17.51909651,1.298983412,0,9.94,5.400453805,245
2020-09-01,PL,3,24.25,1,0,0,0,14.49786256,0,0,50.96564517,0,0,14.5,0,245
2020-09-01,PL,5,30.5,1,0,0,0,3.525669723,0,0,11.37801408,0,0,3.53,0,245
2020-09-01,CR,1,13,1,0,0,0,2.768624077,0.233836493,12.37462721,3.34212379,0.268455372,0,15.4,12.37462721,245
2020-09-01,CR,2,25.5,1,0,0,0,9.938050951,0,42.37478306,24.90896982,0.608195349,0,51.7,42.37478306,245
2020-09-01,CR,3,24,1,0,0,0,13.87585749,3.133409006,88.49498572,8.082828053,3.681363438,0,106,88.49498572,245
2020-09-01,CR,4,21,1,0,0,0,11.6485649,3.437396447,116.2786221,17.96273911,7.664578922,0,131,116.2786221,245
2020-09-01,CR,5,31.75,1,0,0,0,11.24052022,2.765116529,126.3121462,17.52433136,4.208863222,0,140,126.3121462,245
2020-09-01,GC,1,31.75,1,0,0,0,16.13471802,0.059803683,7.502643877,55.65065203,0.084576941,0,23.7,7.502643877,245
2020-09-01,GC,2,22,1,0,0,0,17.06421807,0,0,23.91428054,0,0,17.1,0,245
2020-09-01,GC,3,24.25,1,0,0,0,12.93466561,1.27616266,7.791431946,19.84701493,1.928053368,0,22,7.791431946,245
2020-09-01,GC,4,36.25,1,0,0,0,7.815984778,1.346313608,83.66114357,8.748215697,4.969869976,0,92.8,83.66114357,245
2020-09-01,GC,5,35,1,0,0,0,9.063502468,0,4.695436779,17.8004368,0,0,13.8,4.695436779,245
2020-09-01,BM,1,21,1,0,0,0,16.20486896,0,0,21.00488637,0,0,16.2,0,245
2020-09-01,BM,2,33.75,1,0,0,0,26.93796399,0,0,77.23832622,0,0,26.9,0,245
2020-09-01,BM,3,28.5,1,0,0,0,20.29116168,0,0,24.41885172,0,0,20.3,0,245
2020-09-01,BM,4,34,1,0,0,0,26.54511868,0,0,21.90953072,0,0,26.5,0,245
2020-09-01,BM,5,29.75,1,0,0,0,3.682924764,0,0,12.01402566,0,0,3.68,0,245
2020-09-29,PL,1,33.5,1,0,0,0,8.65195024,3.048935573,0,35.79606154,23.89687009,0,11.7,154.9629959,273
2020-09-29,PL,3,23.5,1,0,0,0,15.53141986,0,0,49.88186786,0,0,15.5,0,273
2020-09-29,PL,4,29.5,1,0,0,0,8.194799896,0,0,17.64601646,0,0,8.19,0,273
2020-09-29,CR,1,20,1,0,0,0,3.593131551,0.224483033,15.17053817,14.45048667,1.72874184,10.18230418,19,15.17053817,273
2020-09-29,CR,2,24.5,1,0,0,0,3.352630718,1.391327133,119.3400893,15.89788146,8.841774028,142.6806233,124,119.3400893,273
2020-09-29,CR,3,33.75,1,0,0,0,16.14594217,2.572201423,55.78641785,70.64028983,14.39128603,74.47749907,74.5,55.78641785,273
2020-09-29,CR,4,28,1,0,0,0,9.98481825,1.876537856,20.54692635,27.49270698,5.379484927,63.72328297,32.4,20.54692635,273
2020-09-29,CR,5,28.5,1,0,0,0,4.372742419,1.487200095,40.16560063,11.84866351,4.00096952,61.57864395,46,40.16560063,273
2020-09-29,GC,1,33.5,1,0,0,0,14.7620978,5.440206009,165.5816698,37.45080804,14.17665985,408.1533551,186,165.5816698,273
2020-09-29,GC,3,20.5,1,0,0,0,9.171067254,1.314745682,26.37195792,53.64135797,1.736780186,40.69989353,36.9,26.37195792,273
2020-09-29,GC,4,23.75,1,0,0,0,21.96660015,1.284346938,24.86938652,71.61777922,5.78723599,29.57847942,48.1,24.86938652,273
2020-09-29,GC,5,19,1,0,0,0,13.39883105,1.557351043,14.78110604,37.21130268,3.503631709,21.16385446,29.7,14.78110604,273
2020-09-29,BM,2,24.75,1,0,0,0,17.67102377,0,0,35.55054479,0,0,17.7,0,273
2020-09-29,BM,4,34.75,1,0,0,0,9.130145868,0,0,52.18488684,0,0,9.13,0,273
2020-09-29,BM,5,12.25,1,0,0,0,22.72189202,0,0,41.42149283,0,0,22.7,0,273
2020-10-20,PL,1,17.25,1,0,0,0,18.32693514,0,0,52.47688179,0,0,18.3,0,294
2020-10-20,PL,2,26.75,1,0,0,0,11.7463865,0,0,47.59398737,0,0,11.7,0,294
2020-10-20,PL,3,17,1,0,0,0,20.47706169,0,0,98.61253358,0,0,20.5,0,294
2020-10-20,PL,4,18.25,1,0,0,0,19.02026034,0,0,133.2372766,0,0,19,0,294
2020-10-20,PL,5,13.625,1,0,0,0,38.19719113,0,0,74.36355756,0,0,38.2,0,294
2020-10-20,CR,1,27.75,1,0,0,0,4.415612442,0,1.114376237,24.24811709,0,4.431522356,5.53,1.114376237,294
2020-10-20,CR,3,30.5,1,0,0,0,2.146619006,0,0,26.67863895,0,0,2.15,0,294
2020-10-20,GC,3,40,1,0,0,0,18.5292037,0,0,48.77860409,0,0,18.5,0,294
2020-10-20,GC,5,35,1,0,0,0,17.07941745,0,0,64.75924886,0,0,17.1,0,294
2020-10-20,BM,1,30,1,0,0,0,3.369583864,0,0,32.97037238,0,0,3.37,0,294
2020-10-20,BM,2,45,1,0,0,0,6.3276155,0,0,68.09041476,0,0,6.33,0,294
2020-10-20,BN,1,13,1,0,0,0,10.51679627,0,3.342695486,9.00054433,0,1.268536727,13.9,3.342695486,294
2020-10-20,BN,2,15,1,0,0,0,6.020120512,0,0,7.718771932,0,0,6.02,0,294
2020-10-20,BN,4,30,1,0,0,0,3.830241755,0,0,14.64716529,0,0,3.83,0,294
2021-06-22,PL,2,32.75,1,0,0,0,7.562272183,0,0,10.01175336,0,0,7.56,0,173
2021-06-22,PL,4,32.625,1,0,0,0,8.698717539,0,0,17.28585158,0,0,8.7,0,173
2021-06-22,PL,5,14.5,1,0,0,0,9.952081141,0,0,21.06706741,0,0,9.95,0,173
2021-06-22,DL,1,14.625,1,0,0,0,14.8953846,0,0,28.29143989,0,0,14.9,0,173
2021-06-22,DL,2,17,1,0,0,0,22.94520587,0,0,66.77920908,0,0,22.9,0,173
2021-06-22,DL,3,24.375,1,0,0,0,17.52019924,0,0,25.21824542,0,0,17.5,0,173
2021-06-22,DL,4,16.75,1,0,0,0,10.47587489,0,0,19.70518532,0,0,10.5,0,173
2021-06-22,DL,5,17,1,0,0,0,12.14546745,0,0,21.18344392,0,0,12.1,0,173
2021-06-22,GR,1,22.25,1,0,0,0,14.34762262,0,0,25.51534423,0,0,14.3,0,173
2021-06-22,GR,2,33,1,0,0,0,27.72833134,0,0,34.8222107,0,0,27.7,0,173
2021-06-22,GR,3,31.5,1,0,0,0,3.283064361,0,0,5.817755722,0,0,3.28,0,173
2021-06-22,GR,4,18.25,1,0,0,0,2.185202027,0,0,3.922741111,0,0,2.19,0,173
2021-06-22,GR,5,36.25,1,0,0,0,23.21411784,0,0,61.22392795,0,0,23.2,0,173
2021-06-22,GC,2,9.8125,1,0,0,0,10.04093901,0,0,36.71359165,0,0,10,2.644690736,173
2021-06-22,GC,3,14.8125,1,0,0,0,9.143006875,0,0,27.15223061,0,0,9.14,2.309970498,173
2021-06-22,GC,4,9,1,0,0,0,7.313236318,0,0,17.12238075,0,0,7.31,0,173
2021-06-22,GC,5,14.25,1,0,0,0,6.734490998,0,0,17.78030258,0,0,6.73,0,173
2021-06-22,BM,5,7,1,0,0,0,3.633819101,0.289957251,42.99929332,6.032628309,0.43162971,34.85068313,46.9,42.99929332,173
2021-06-22,BN,2,9.4375,1,0,0,0,6.229404173,0.409213863,10.38662729,10.32628295,0.882453034,11.50809709,17,10.38662729,173
2021-06-22,BN,3,13.5,1,0,0,0,6.383736258,6.842055784,94.66059785,13.79262649,4.371892563,84.39980666,108,94.66059785,173
2021-06-22,BN,4,12.875,1,0,0,0,3.472471921,0,44.65797036,11.1332448,0.771497606,128.4920797,47.9,44.65797036,173
2021-07-07,PL,2,27.75,1,0,0,0,9.952665732,0,0,17.12748985,0,0,9.95,0,188
2021-07-07,PL,3,37.125,0,0,1,0,0.675319792,0,0,1.514715635,0,0,0.675,0,188
2021-07-07,PL,5,36.75,1,0,0,0,12.35825865,0,0,34.39004903,0,0,12.4,16.30493153,188
2021-07-07,DL,1,8.5,1,0,0,0,6.734490998,0,0,17.49928022,0,0,6.73,0,188
2021-07-07,DL,2,31.5,1,0,0,0,14.71708428,0,0,9.837778823,0,0,14.7,0,188
2021-07-07,DL,3,29.5,1,0,0,0,18.50114332,0,0,22.37241355,0,0,18.5,0,188
2021-07-07,DL,4,11,1,0,0,0,7.562272183,0,0,18.40807378,0,0,7.56,0,188
2021-07-07,DL,5,16.5,1,0,0,0,12.89842095,0,0,23.40636969,0,0,12.9,13.5087342,188
2021-07-07,GR,1,12.125,1,0,0,0,16.20486896,0,0,23.10074046,0,0,16.2,0,188
2021-07-07,GR,2,22.75,1,0,0,0,11.12594034,0,0,11.75747789,0,0,11.1,0,188
2021-07-07,GR,3,23.25,1,0,0,0,12.72070522,0,0,23.30729002,0,0,12.7,0,188
2021-07-07,GR,4,28.75,1,0,0,0,20.56241201,0,0,22.56741661,0,0,20.6,0,188
2021-07-07,GR,5,37.25,1,0,0,0,13.46664363,0,0,17.46929125,0,0,13.5,5.027484599,188
2021-07-07,GC,1,6.625,1,0,0,0,8.464881046,0,0,18.87490991,0,0,8.46,0,188
2021-07-07,GC,2,14.625,1,0,0,0,4.23127134,0.671110735,38.86826223,7.498898933,1.456432977,41.03418368,43.8,38.86826223,188
2021-07-07,GC,3,13.8125,1,0,0,0,17.47810867,1.431663928,110.2771622,23.37268184,2.801364717,75.46217301,129,154.70258832000002,188
2021-07-07,GC,4,14,1,0,0,0,11.90695422,1.980595096,107.645254,11.98304588,1.718588858,95.33000115,122,107.645254,188
2021-07-07,GC,5,9.625,1,0,0,0,2.272890712,1.139952903,0,34.08077644,2.086651947,0,3.41,0,188
2021-07-07,BM,1,13.5,1,0,0,0,5.070159759,0.434935877,6.173283415,21.02968525,0.847921522,24.2284287,11.7,6.173283415,188
2021-07-07,BM,2,14.625,1,0,0,0,13.52510275,6.705261436,102.3581151,15.8547989,4.574942342,132.9025983,123,102.3581151,188
2021-07-07,BM,4,15.125,1,0,0,0,27.57809139,2.857481944,104.7507532,47.99527612,3.621894235,144.7020643,135,104.7507532,188
2021-07-07,BN,1,15,1,0,0,0,7.700235714,2.554663686,169.0761329,10.06825113,3.736057151,212.3295672,179,169.0761329,188
2021-07-07,BN,4,11.25,1,0,0,0,2.726533508,1.277331843,59.19724939,26.65109851,4.486122678,79.49234329,63.2,59.19724939,188
2021-07-07,BN,5,8.1875,1,0,0,0,9.354628901,2.934647987,47.22753133,6.130796914,2.161842813,44.76351978,59.5,47.22753133,188
2021-09-22,DL,1,16,1,0,0,0,17.78326529,0,0,35.19685911,0,0,17.8,0,265
2021-09-22,DL,2,13.875,1,0,0,0,12.88672913,0,0,38.27884823,0,0,12.9,0,265
2021-09-22,DL,3,24.25,1,0,0,0,5.479958213,0,0,16.11874808,0,0,5.48,0,265
2021-09-22,DL,4,27.375,1,0,0,0,15.62729283,0,0,56.57562244,0,0,15.6,0,265
2021-09-22,DL,5,22,1,0,0,0,7.922380382,0,0,24.09523676,0,0,7.92,0,265
2021-09-22,GR,1,29.5,1,0,0,0,14.56801351,0,0,44.15513826,0,0,14.6,58.46964589,265
2021-09-22,GR,3,35.375,1,0,0,0,26.30485169,0,0.588523661,85.67177139,0,5.00324251,26.9,0.588523661,265
2021-09-22,GR,4,21.25,1,0,0,0,5.714963888,0,0,15.6389242,0,0,5.71,0,265
2021-09-22,BM,1,8.75,1,0,0,0,22.26240331,0,0,23.32960081,0,0,22.3,0,265
2021-09-22,BM,2,12.5,1,0,0,0,39.80657079,0,0,72.8913692,0,0,39.8,0,265
2021-09-22,BM,4,29.25,1,0,0,0,14.21725877,0,0,46.98696198,0,0,14.2,0,265
2021-09-22,BM,5,29,1,0,0,0,25.28824753,0,0,64.07848869,0,0,25.3,0,265
2021-09-22,BN,5,30.25,1,0,0,0,18.31407413,0,20.65065452,45.94184422,0,0,39,20.65065452,265
2021-10-13,DL,1,18.5,1,0,0,0,13.05392222,0,0,23.77891995,0,0,13.1,0,286
2021-10-13,DL,2,16,1,0,0,0,10.46885979,0,0,24.38434638,0,0,10.5,0,286
2021-10-13,DL,3,12.5,1,0,0,0,8.835511887,0,0,10.63327349,0,0,8.84,0,286
2021-10-13,DL,4,21,1,0,0,0,11.88590894,0,0,15.95733561,0,0,11.9,0,286
2021-10-13,DL,5,17.75,1,0,0,0,11.01019127,0,0,25.42957465,0,0,11,0,286
2021-10-13,GR,1,30.25,1,0,0,0,31.03477935,0,0,72.12850873,0,0,31,16.14456534,286
2021-10-13,GR,2,33.5,1,0,0,0,37.93412507,2.345380025,18.17850514,108.778337,20.98111995,59.18897447,58.5,18.17850514,286
2021-10-13,GR,3,36.5,1,0,0,0,36.7123294,0,0,73.33875136,0,0,36.7,65.71997119,286
2021-10-13,GR,4,34.5,1,0,0,0,13.46079772,21.70470328,20.79396861,35.64138661,17.03609037,145.6416553,56,22.541452562,286
2021-10-13,GR,5,27.25,1,0,0,0,10.55070256,0,0,60.48211645,0,0,10.6,3.589930017,286
2021-10-13,GC,1,18.75,1,0,0,0,25.58989661,0,0,52.87550646,0,0,25.6,57.65859151,286
2021-10-13,GC,2,32.25,1,0,0,0,28.88465279,0,0,44.737552,0,0,28.9,157.4394726,286
2021-10-13,GC,3,45,1,0,0,0,6.419980915,2.700811494,31.0008533,3.730512174,4.511277358,83.93582676,40.1,31.0008533,286
2021-10-13,BN,1,29.75,1,0,0,0,25.41218087,1.525783117,2.951472808,32.30328421,2.423307234,20.12620668,29.9,2.951472808,286
2021-10-13,BN,2,35.25,1,0,0,0,2.82240647,1.122415166,0,3.795312321,3.341468486,0,3.94,0,286
2021-10-13,BN,3,38.5,1,0,0,0,10.51679627,0,0,66.37468946,0,0,10.5,0,286
2021-10-13,BN,5,40,1,0,0,0,32.3582939,0.473518898,3.53887016,45.1458554,1.225649371,7.96064737,36.4,3.53887016,286
2020-07-13,BN,1,33.3375,1,0,0,0,12.05285309,0,0,8.963910507,0,0,12.1,0,195
2020-07-13,BN,2,34.925,1,0,0,0,0.814905518,0,6.950797911,0.417957498,0,7.736820777,7.77,6.950797911,195
2020-07-13,BN,5,32.7025,1,0,0,0,2.631527026,0,0,4.2887927790000004,0,0,2.63,0,195
2020-07-20,BN,2,19.75,1,0,0,0,1.262717062,0.343739645,339.4326198,1.841304543,0.070723057,13.26463173,341,339.4326198,202
2020-07-20,BN,3,12,1,0,0,0,1.306561405,0.681867214,375.8599067,3.469745329,0.235358745,169.0438266,378,375.8599067,202
2020-07-20,BN,4,24.5,1,0,0,0,1.546828401,0,0,3.090584629,0,0,1.55,0,202
2020-07-20,BN,5,27.25,1,0,0,0,0.957794275,0.069482844,133.0554577,2.690415186,0.037386568,6.051249384,134,133.0554577,202
2020-07-27,BN,1,35.72,1,0,0,0,5.235408267,0,0,3.557041289,0,0,5.24,0,209
2020-07-27,BN,2,32.0675,1,0,0,0,7.219735767,0,0,5.084490592,0,0,7.22,0,209
2020-07-27,BN,3,26.035,1,0,0,0,8.431799729,0,19.44248664,11.47270096,1.450854667,19.26560071,27.9,19.44248664,209
2020-07-27,BN,4,25.0825,1,0,0,0,9.030936059,0,0,7.674813089,0,0,9.03,0,209
2020-07-27,BN,5,21.9075,1,0,0,0,2.987731521,0,0,4.072511257,0,0,2.99,0,209
2020-08-03,BN,1,29.75,1,0,0,0,4.435878272,0,0,4.121164439,0,0,4.44,0,216
2020-08-03,BN,2,34.75,1,0,0,0,2.043584801,0,0,7.432171897,0,0,2.04,0,216
2020-08-03,BN,3,30.75,1,0,0,0,5.507851566,0,0,15.23322959,0,0,5.51,0,216
2020-08-03,BN,5,24,1,0,0,0,1.739158917,0,0,10.55396419,0,0,1.74,0,216
2020-08-10,BN,1,22.75,1,0,0,0,5.359532419,0,0,23.6129944,0,0,5.36,0,223
2020-08-10,BN,2,26.5,1,0,0,0,6.566128723,0,0,26.71995362,0,0,6.57,0,223
2020-08-10,BN,3,26.375,1,0,0,0,4.026664409,0,0,43.21924083,0,0,4.03,0,223
2020-08-10,BN,4,20.5,1,0,0,0,13.65137446,0,0,27.31070179,0,0,13.7,0,223
2020-08-10,BN,5,22.25,1,0,0,0,4.058232336,0,0,28.77493878,0,0,4.06,0,223
2020-08-24,BN,1,18,1,0,0,0,8.796928866,0,0,32.70726819,0,0,8.8,0,237
2020-08-24,BN,2,23,1,0,0,0,23.45380025,0,0,93.58186223,0,0,23.5,0,237
2020-08-24,BN,3,21,1,0,0,0,13.95770027,0,0,66.31177804,0,0,14,0,237
2020-08-24,BN,4,19.75,1,0,0,0,15.02165631,0,0,43.41305899,0,0,15,0,237
2020-08-24,BN,5,24.75,1,0,0,0,8.815635785,0,0,40.21609043,0,0,8.82,0,237
2020-09-02,BN,1,20.625,1,0,0,0,11.39531998,0,0,25.94922939,0,0,11.4,0,246
2020-09-02,BN,2,29,1,0,0,0,19.22779023,0,0,34.37854573,0,0,19.2,0,246
2020-09-02,BN,3,25,1,0,0,0,9.033688315,0,0,50.60693024,0,0,9.03,0,246
2020-09-02,BN,4,23.25,1,0,0,0,9.079091567,0,0,55.60445501,0,0,9.08,0,246
2020-09-02,BN,5,25.5,1,0,0,0,5.565308533,0,0,28.9394726,0,0,5.57,0,246
2020-10-07,BN,1,31.875,1,0,0,0,4.13598297,0,0,32.95345483,0,0,4.14,0,281
2020-10-07,BN,2,33.25,1,0,0,0,9.031934541,0,0,39.86029604,0,0,9.03,0,281
2020-10-07,BN,3,34.25,1,0,0,0,9.031934541,0,0,38.2463516,0,0,9.03,0,281
2020-10-07,BN,4,32.75,1,0,0,0,12.22380267,0,0,75.50887952,0,0,12.2,0,281
2020-10-07,BN,5,29.625,1,0,0,0,10.49633558,0,0,61.29615616,0,0,10.5,0,281
2020-07-20,DL,3,29.125,0,0,0,1,4.856783959,0,0.380690254,10.96743538,0,0,5.24,0.380690254,202
2020-07-20,DL,4,16.125,0,0,0,1,4.083077463,0,0,4.121506033,0,0,4.08,0,202
2020-07-27,DL,4,29.75,0,0,0,1,4.529412869,0,0,53.1336912,0,0,4.53,0,209
2020-07-27,GR,5,24.875,1,0,0,0,5.907878995,0,6.821631393,9.269110208,0,4.013317798,12.7,6.821631393,209
2020-08-03,DL,1,31.125,0,0,0,1,2.102190072,0,1.693778329,4.317368565,0,3.55671411,3.8,1.693778329,216
2020-08-03,DL,2,22.75,0,0,0,1,1.956148553,0,1.398229197,4.563083781,0,6.069995584,3.35,1.398229197,216
2020-08-03,DL,5,30.625,0,0,0,1,2.89840333,0,0,8.529618008,0,0,2.9,0,216
2020-08-10,DL,2,25.375,0,0,0,1,1.166418943,0,2.344185321,4.762349325,0,2.178918383,3.51,2.344185321,223
2020-08-10,DL,3,19.875,0,0,0,1,1.131768626,0,1.225390662,3.202651078,0,2.780349626,2.36,1.225390662,223
2020-08-10,DL,5,24.25,0,0,0,1,2.524264942,0,3.381597814,6.203890717,0,5.028603489,5.91,3.381597814,223
2020-08-17,DL,1,17.5,0,0,0,1,2.112842623,0,3.892885924,4.622465342,0,5.232400862,6.01,3.892885924,230
2020-08-17,DL,2,18.625,0,0,0,1,3.831410937,0,3.776207389,7.384924685,0,8.033025924,7.61,3.776207389,230
2020-08-17,DL,3,19.5,0,0,0,1,1.438094432,0,1.456204132,5.274596146,0,2.649483442,2.89,1.456204132,230
2020-08-17,DL,5,23.75,0,0,0,1,3.030520949,0,4.019317245,7.063140314,0,6.937921194,7.05,4.019317245,230
2020-08-24,DL,4,30.25,0,0,0,1,1.646208911,0,3.657234926,5.851397614,0,8.015259388,5.3,3.657234926,237
2020-09-14,DL,3,27.25,0,0,0,1,2.210924041,0,1.718245639,6.359790758,0,4.763494758,3.93,1.718245639,258
2020-09-28,DL,3,26.5,0,0,0,1,2.352979711,0,2.101055885,15.13592338,0,4.535078548,4.45,2.101055885,272
2020-10-05,GR,5,28.125,1,0,0,0,9.708891188,0,1.951807577,53.3158647,0,7.940278813,11.7,1.951807577,279
2020-10-19,DL,1,31.875,0,0,0,1,2.98375365,0,0,11.95217424,0,0,2.98,0,293
2020-10-19,GR,4,21.125,1,0,0,0,10.51211954,0,0,37.06218145,0,0,10.5,0,293
2021-09-22,NA,2,0,1,0,0,0,0,0,0,0,0,0,0,30.9447523,265
