site,date,sample,epilitheon_gm2,epilitheon_chla.mgm2,filamentous_gm2,filamentous_chla.mgm2,phicocyanin.mg.m2,year,doy
BM,2020-07-21,1,4.037576779,3.013975217,2.593246707,10.6637739,2.046618829,2020,203
BM,2020-07-21,2,5.198185239,12.06990134,0,0,1.680746561,2020,203
BM,2020-07-21,3,0.631358531,2.424847907,0,0,0.951246853,2020,203
BM,2020-07-21,4,0.315679266,0.772516303,0,0,0.382813723,2020,203
BM,2020-07-21,5,18.262630103000003,38.893272259999996,77.46301503,305.2647612,5.790189088,2020,203
BM,2020-08-04,1,10.175394992,26.85597681,5.247290902,9.656912045,34.88992469,2020,217
BM,2020-08-04,2,16.24491346,27.91191014,0,0,31.28779043,2020,217
BM,2020-08-04,3,4.822877668,15.40733997,0,0,11.3974245,2020,217
BM,2020-08-04,4,22.404458988,27.888548733,13.91794806,26.79418645,30.77188867,2020,217
BM,2020-08-04,5,12.55935804,50.31070498,3.41050525,5.029261798,32.93236249,2020,217
BM,2020-08-18,1,2.360287101,37.367584,0,0,24.08048205,2020,231
BM,2020-08-18,2,25.86816204,63.07375066,0,0,60.62795672,2020,231
BM,2020-08-18,3,33.63737951,108.5650168,0,0,33.82152575,2020,231
BM,2020-08-18,4,26.93211808,67.27916194,0,0,23.64262321,2020,231
BM,2020-08-18,5,11.79938944,53.57620026,0,0,31.2209132,2020,231
BM,2020-09-01,1,16.20486896,21.00488637,0,0,60.41048878,2020,245
BM,2020-09-01,2,26.93796399,77.23832622,0,0,50.88282087,2020,245
BM,2020-09-01,3,20.29116168,24.41885172,0,0,54.03376761,2020,245
BM,2020-09-01,4,26.54511868,21.90953072,0,0,68.46171307,2020,245
BM,2020-09-01,5,3.682924764,12.01402566,0,0,29.08037394,2020,245
BM,2020-09-29,1,11.26624223,69.5355318,22.22740208,50.04997666,25.1252635,2020,273
BM,2020-09-29,3,25.00179783,100.0845664,0,0,18.85657479,2020,273
BM,2020-09-29,2,17.67102377,35.55054479,0,0,16.6292822,2020,273
BM,2020-09-29,4,9.130145868,52.18488684,0,0,13.7285405,2020,273
BM,2020-09-29,5,22.72189202,41.42149283,0,0,74.77903976,2020,273
BM,2020-10-20,3,4.329482667,8.959552173,0,0,11.06303832,2020,294
BM,2020-10-20,4,8.347962799,36.60913691,0,0,16.10911292,2020,294
BM,2020-10-20,5,8.938399944,11.20389143,12.44438941,14.50759187,5.975866955,2020,294
BM,2020-10-20,1,3.369583864,32.97037238,0,0,11.10162134,2020,294
BM,2020-10-20,2,6.3276155,68.09041476,0,0,19.73392932,2020,294
BM,2021-06-22,1,4.559811613,10.51841164,3.497570371,6.288221347,13.32429567,2021,173
BM,2021-06-22,2,20.66530007,31.5723816,90.82932705,157.059317,16.80641334,2021,173
BM,2021-06-22,3,19.17459242,24.61226926,66.06515805,186.0071864,28.89283707,2021,173
BM,2021-06-22,4,2.000471197,19.451946393,108.8582718,166.4687931,7.528365891,2021,173
BM,2021-06-22,5,3.923776352,6.464258019,42.99929332,34.85068313,9.821132705,2021,173
BM,2021-07-07,3,33.19542854,46.863114655,160.63406,384.089971,25.680859,2021,188
BM,2021-07-07,1,5.505095636,21.877606772,6.173283415,24.2284287,9.068997625,2021,188
BM,2021-07-07,2,20.230364186,20.429741242,102.3581151,132.9025983,15.26484626,2021,188
BM,2021-07-07,4,30.435573334,51.617170355,104.7507532,144.7020643,29.28685156,2021,188
BM,2021-07-07,5,6.629264576,17.57523616,31.4272434,52.78296481,26.38610987,2021,188
BM,2021-07-20,2,97.93539998,86.20270790000001,112.824946,189.3611942,29.71243398,2021,201
BM,2021-07-20,3,76.18159104,99.68221220999999,119.1886731,407.7087594,18.5426493,2021,201
BM,2021-07-20,4,40.42331454,86.63857078000001,95.40011032,266.7379996,13.46278533,2021,201
BM,2021-07-20,5,65.22284379999999,122.11866329,88.8752175,146.61082,11.02392917,2021,201
BM,2021-07-20,1,25.66121674,58.15868535,101.1590089,311.6586608,8.743614145,2021,201
BM,2021-08-03,3,3.642003378,13.75924569,0,0,5.152002531,2021,215
BM,2021-08-03,1,7.640607408,15.789671867000001,3.835822431,17.55350954,9.469559538,2021,215
BM,2021-08-03,2,14.375098404000001,29.906707953,16.56012407,21.21514641,14.00166153,2021,215
BM,2021-08-03,4,3.019998307,11.37348304,7.349936418,26.46989741,9.06736077,2021,215
BM,2021-08-03,5,6.5123463290000005,14.987168695,0,0,12.08466996,2021,215
BM,2021-08-17,1,52.22153479,30.797669433,64.54347564,163.5452598,19.65980315,2021,229
BM,2021-08-17,2,17.191658964,38.24288865,9.222266324,31.043406,23.7232968,2021,229
BM,2021-08-17,3,38.9863893,107.91579238,109.2928766,170.8412775,19.40655823,2021,229
BM,2021-08-17,4,42.77220211,87.3756199,49.54304655,174.9352169,36.70320977,2021,229
BM,2021-08-17,5,29.00040186,47.91089362,103.7676628,202.146786,0,2021,229
BM,2021-08-17,6,14.147107829,40.767147134000005,24.26621557,67.97815627,21.5831083,2021,229
BM,2021-08-17,7,28.31876848,57.958231948,28.14274634,63.08641991,30.98473834,2021,229
BM,2021-09-22,1,22.26240331,23.32960081,0,0,9.232917007,2021,265
BM,2021-09-22,2,39.80657079,72.8913692,0,0,41.71415044,2021,265
BM,2021-09-22,3,28.28486219,79.95157586,8.69186686,40.63378091,29.96427588,2021,265
BM,2021-09-22,4,14.21725877,46.98696198,0,0,17.16546928,2021,265
BM,2021-09-22,5,25.28824753,64.07848869,0,0,24.59948214,2021,265
BN,2020-07-13,1,12.05285309,8.963910507,0,0,2.245110936,2020,195
BN,2020-07-13,2,0.814905518,0.417957498,6.950797911,7.736820777,0.742378252,2020,195
BN,2020-07-13,3,1.111757852,2.345805194,730.1866115,96.88648728,-0.169700989,2020,195
BN,2020-07-13,4,1.179872001,2.228285334,110.8363784,45.97261148,0.604853165,2020,195
BN,2020-07-13,5,2.631527026,4.2887927790000004,0,0,1.701745078,2020,195
BN,2020-07-20,1,1.15749064,1.283745005,1.901740489,26.08750828,0.664399627,2020,202
BN,2020-07-20,2,1.606456707,1.9120275999999998,339.4326198,13.26463173,0.715820272,2020,202
BN,2020-07-20,3,1.988428619,3.7051040740000003,375.8599067,169.0438266,1.109261864,2020,202
BN,2020-07-20,4,1.546828401,3.090584629,0,0,0.618976889,2020,202
BN,2020-07-20,5,1.027277119,2.727801754,133.0554577,6.051249384,1.747226276,2020,202
BN,2020-07-27,1,5.235408267,3.557041289,0,0,6.663404704,2020,209
BN,2020-07-27,2,7.219735767,5.084490592,0,0,13.91198523,2020,209
BN,2020-07-27,3,8.431799729,12.923555626999999,19.44248664,19.26560071,15.80921762,2020,209
BN,2020-07-27,4,9.030936059,7.674813089,0,0,9.194743199,2020,209
BN,2020-07-27,5,2.987731521,4.072511257,0,0,8.925772773,2020,209
BN,2020-08-03,1,4.435878272,4.121164439,0,0,4.390864747,2020,216
BN,2020-08-03,2,2.043584801,7.432171897,0,0,4.13797058,2020,216
BN,2020-08-03,3,5.507851566,15.23322959,0,0,6.556868798,2020,216
BN,2020-08-03,4,13.56173714,46.61153937,3.293415073,9.070285873,31.76119241,2020,216
BN,2020-08-03,5,1.739158917,10.55396419,0,0,13.46313608,2020,216
BN,2020-08-10,1,5.359532419,23.6129944,0,0,6.848135533,2020,223
BN,2020-08-10,2,6.566128723,26.71995362,0,0,3.708950766,2020,223
BN,2020-08-10,3,4.026664409,43.21924083,0,0,10.79529553,2020,223
BN,2020-08-10,4,13.65137446,27.31070179,0,0,10.60682332,2020,223
BN,2020-08-10,5,4.058232336,28.77493878,0,0,11.47248602,2020,223
BN,2020-08-18,1,12.04257939,49.28227579,0,0,20.16605915,2020,231
BN,2020-08-18,2,21.29782778,39.08579795,0,0,54.02745403,2020,231
BN,2020-08-18,3,13.92145561,45.93522293,0,0,29.96427588,2020,231
BN,2020-08-18,4,11.08384977,22.28462741,0,0,17.81272869,2020,231
BN,2020-08-18,5,14.19972104,64.52789829,0,0,19.23305155,2020,231
BN,2020-08-24,1,8.796928866,32.70726819,0,0,8.393093242,2020,237
BN,2020-08-24,2,23.45380025,93.58186223,0,0,17.84213363,2020,237
BN,2020-08-24,3,13.95770027,66.31177804,0,0,17.35096007,2020,237
BN,2020-08-24,4,15.02165631,43.41305899,0,0,15.56181861,2020,237
BN,2020-08-24,5,8.815635785,40.21609043,0,0,6.243902035,2020,237
BN,2020-09-02,1,11.39531998,25.94922939,0,0,12.17095562,2020,246
BN,2020-09-02,2,19.22779023,34.37854573,0,0,14.75882409,2020,246
BN,2020-09-02,3,9.033688315,50.60693024,0,0,6.749924206,2020,246
BN,2020-09-02,4,9.079091567,55.60445501,0,0,8.158087567,2020,246
BN,2020-09-02,5,5.565308533,28.9394726,0,0,12.65289263,2020,246
BN,2020-10-07,1,4.13598297,32.95345483,0,0,6.667263006,2020,281
BN,2020-10-07,2,9.031934541,39.86029604,0,0,16.16394758,2020,281
BN,2020-10-07,3,9.031934541,38.2463516,0,0,16.95899165,2020,281
BN,2020-10-07,4,12.22380267,75.50887952,0,0,15.04422153,2020,281
BN,2020-10-07,5,10.49633558,61.29615616,0,0,13.68995748,2020,281
BN,2020-10-20,3,2.438135167,14.13067471,24.56237611,11.79207102,11.59548401,2020,294
BN,2020-10-20,5,4.746880807,16.75235684,0,0,7.876548429,2020,294
BN,2020-10-20,1,10.51679627,9.00054433,3.342695486,1.268536727,10.16078021,2020,294
BN,2020-10-20,2,6.020120512,7.718771932,0,0,8.772492952,2020,294
BN,2020-10-20,4,3.830241755,14.64716529,0,0,13.28144513,2020,294
BN,2021-06-22,1,26.306605457,20.981028142,96.51168119,168.2829609,26.8470016,2021,173
BN,2021-06-22,5,12.168851095,21.951686366,61.66418643,93.93370639,26.60369472,2021,173
BN,2021-06-22,2,6.6386180359999996,11.208735983999999,10.38662729,11.50809709,21.87867763,2021,173
BN,2021-06-22,3,13.225792042,18.164519053,94.66059785,84.39980666,14.75215975,2021,173
BN,2021-06-22,4,3.2596807119999998,11.904742406,44.65797036,128.4920797,16.87305674,2021,173
BN,2021-07-07,2,14.742221697,22.684112441,157.3868585,231.476675,16.19083877,2021,188
BN,2021-07-07,3,2.095174977,11.312905536999999,83.19023195,112.3027069,8.630144987,2021,188
BN,2021-07-07,1,10.2548994,13.804308281,169.0761329,212.3295672,5.59175544,2021,188
BN,2021-07-07,4,4.003865351,31.137221188,59.19724939,79.49234329,14.00446756,2021,188
BN,2021-07-07,5,12.289276888,8.292639727000001,47.22753133,44.76351978,9.109100584,2021,188
BN,2021-07-20,2,45.19767114,74.37180222,12.88657694,51.01081616,17.03761917,2021,201
BN,2021-07-20,1,29.02495469,79.98870396000001,87.91411786,293.3068417,11.09787996,2021,201
BN,2021-07-20,3,12.893744221999999,47.387485203000004,215.7216195,341.1120198,5.9008639,2021,201
BN,2021-07-20,4,38.64381883,140.93918788,102.1936399,255.6079497,13.8835741,2021,201
BN,2021-07-20,5,30.09007992,113.54027164,107.9437718,262.2541621,26.38190081,2021,201
BN,2021-08-03,1,20.748896618,26.589711180000002,16.56674854,19.34868673,11.84112925,2021,215
BN,2021-08-03,3,4.925765724000001,10.172992269,17.23238431,59.22505347,5.951255664,2021,215
BN,2021-08-03,2,4.068754978,14.181448,0.708799594,1.745308758,6.965989126,2021,215
BN,2021-08-03,4,7.047831898,34.1365231,0,0,5.797742007,2021,215
BN,2021-08-03,5,144.64073194,123.14030500999999,79.8764774,344.5483763,4.549195436,2021,215
BN,2021-09-22,1,50.51803594,34.78016558,4.58192352,21.46395602,21.02517443,2021,265
BN,2021-09-22,2,95.01945892,57.61276894,5.544579244,19.39318368,23.33501131,2021,265
BN,2021-09-22,3,25.11754689,28.05828645,5.749970587,25.79038913,18.80735221,2021,265
BN,2021-09-22,4,23.59994805,72.78209318,0.754780355,53.02042231,34.90477331,2021,265
BN,2021-09-22,5,18.31407413,45.94184422,20.65065452,0,31.22138087,2021,265
BN,2021-10-13,1,26.937963987,34.726591444,2.951472808,20.12620668,25.93597462,2021,286
BN,2021-10-13,2,3.9448216359999995,7.136780807,0,0,2.187563775,2021,286
BN,2021-10-13,3,10.51679627,66.37468946,0,0,25.64134064,2021,286
BN,2021-10-13,4,32.51496435,69.99024645,20.1395211,64.78032737,38.23402038,2021,286
BN,2021-10-13,5,32.831812798,46.371504771000005,3.53887016,7.96064737,37.53356316,2021,286
DL,2020-07-20,1,12.49563759,16.02021311,7.110465326,258.8176045,1.087620296,2020,202
DL,2020-07-20,2,11.43343532,21.6903562,12.88421187,118.868037,1.400820895,2020,202
DL,2020-07-20,3,4.856783959,10.96743538,0.380690254,0,0.74156567,2020,202
DL,2020-07-20,4,4.083077463,4.121506033,0,0,2.698040531,2020,202
DL,2020-07-20,5,14.79015818,18.90401881,60.73404627,400.2047707,5.656270929,2020,202
DL,2020-07-27,1,2.110812793,5.22592798,5.360229085,24.34613261,6.968608094,2020,209
DL,2020-07-27,2,4.166966305,17.87060448,14.2995863,37.42903338,15.62869584,2020,209
DL,2020-07-27,3,8.386156093,31.93504485,17.15964331,70.4033007,20.91375134,2020,209
DL,2020-07-27,4,4.529412869,53.1336912,0,0,5.972745238,2020,209
DL,2020-07-27,5,4.855322481,11.7727812,10.07448002,59.32611416,11.48949762,2020,209
DL,2020-08-03,1,2.102190072,4.317368565,1.693778329,3.55671411,4.285755243,2020,216
DL,2020-08-03,2,1.956148553,4.563083781,1.398229197,6.069995584,4.37743084,2020,216
DL,2020-08-03,3,3.435837537,9.904308486,9.162374654,38.34138773,7.487163901,2020,216
DL,2020-08-03,4,3.158796968,4.141701148,4.782169897,11.22868076,5.931964154,2020,216
DL,2020-08-03,5,2.89840333,8.529618008,0,0,7.108442317,2020,216
DL,2020-08-10,1,2.718349231,8.559165381,3.968074722,8.142132198,11.73274604,2020,223
DL,2020-08-10,2,1.166418943,4.762349325,2.344185321,2.178918383,3.753297857,2020,223
DL,2020-08-10,3,1.131768626,3.202651078,1.225390662,2.780349626,4.546108795,2020,223
DL,2020-08-10,4,2.240933058,4.577419501,10.33935303,15.75748692,3.31407108,2020,223
DL,2020-08-10,5,2.524264942,6.203890717,3.381597814,5.028603489,5.419815467,2020,223
DL,2020-08-17,1,2.112842623,4.622465342,3.892885924,5.232400862,6.61724538,2020,230
DL,2020-08-17,2,3.831410937,7.384924685,3.776207389,8.033025924,7.05508083,2020,230
DL,2020-08-17,3,1.438094432,5.274596146,1.456204132,2.649483442,5.032161329,2020,230
DL,2020-08-17,4,1.963057359,3.410830877,8.622095051,14.26498801,5.115781259,2020,230
DL,2020-08-17,5,3.030520949,7.063140314,4.019317245,6.937921194,5.887418302,2020,230
DL,2020-08-24,1,1.142992778,2.944724715,6.700683482,13.13219733,5.305025132,2020,237
DL,2020-08-24,2,3.355219622,11.23211492,9.98919462,15.30123254,11.25333446,2020,237
DL,2020-08-24,3,0.824273638,3.77650987,4.523668768,9.83664757,2.808376281,2020,237
DL,2020-08-24,4,1.646208911,5.851397614,3.657234926,8.015259388,6.039786161,2020,237
DL,2020-08-24,5,2.219320897,10.28647158,3.922227209,9.390547165,12.13892002,2020,237
DL,2020-09-14,1,6.108978379,17.38552957,8.881700491,18.24242114,0,2020,258
DL,2020-09-14,2,3.898638929,17.29437445,3.749072911,9.826539781,0,2020,258
DL,2020-09-14,3,2.210924041,6.359790758,1.718245639,4.763494758,0,2020,258
DL,2020-09-14,4,3.703970049,9.149376085,6.015839892,11.32255084,0,2020,258
DL,2020-09-14,5,2.003511072,8.257353239,13.23337322,35.70029882,0,2020,258
DL,2020-09-21,1,3.255003982,13.55027642,7.834648418,23.04297524,13.56929785,2020,265
DL,2020-09-21,2,9.938050951,13.66598164,16.44246176,45.20094339,24.01500783,2020,265
DL,2020-09-21,3,4.134229196,12.38078532,2.907359198,9.196880767,12.96716888,2020,265
DL,2020-09-21,4,14.71299214,19.39904426,14.25587252,37.90079328,31.39582289,2020,265
DL,2020-09-21,5,5.083020766,16.57340297,28.19199379,73.33492568,16.13378267,2020,265
DL,2020-09-28,1,4.566826708,14.39466859,5.4573889,13.30334794,11.45331143,2020,272
DL,2020-09-28,2,2.819483514,9.373684428,4.661946713,13.77815502,9.059527247,2020,272
DL,2020-09-28,3,2.352979711,15.13592338,2.101055885,4.535078548,12.03088756,2020,272
DL,2020-09-28,4,3.61920432,15.16065419,10.0429897,26.34746922,9.365829669,2020,272
DL,2020-09-28,5,3.051566233,17.99432871,6.54335722,16.01502434,10.06069819,2020,272
DL,2020-10-05,1,4.832620855,16.35460996,10.61990677,33.52625712,19.2564352,2020,279
DL,2020-10-05,2,5.137387751,12.12475187,8.63566391,25.07528308,11.72175572,2020,279
DL,2020-10-05,3,2.469897957,9.163191922,3.735434285,14.9221487,8.025268439,2020,279
DL,2020-10-05,4,5.237937443,8.39902848,7.442567877,19.9963366,17.39743508,2020,279
DL,2020-10-05,5,4.583195262,13.8748793,23.64853289,40.07182024,14.05240405,2020,279
DL,2020-10-12,1,5.009362271,28.28561381,9.863349978,17.51810696,16.47097489,2020,286
DL,2020-10-12,2,5.66351986,11.47358952,5.065171464,12.64545186,13.44185696,2020,286
DL,2020-10-12,3,3.511054942,10.74261501,4.510495348,13.23135075,9.214911597,2020,286
DL,2020-10-12,4,5.440206009,14.38650808,11.48501212,22.83791854,18.16488645,2020,286
DL,2020-10-12,5,3.454641888,11.82998542,7.642464159,22.09120581,6.996037115,2020,286
DL,2020-10-19,1,2.98375365,11.95217424,0,0,8.442666579,2020,293
DL,2020-10-19,2,7.190472159,22.22038727,4.82257537,15.71024349,15.35884853,2020,293
DL,2020-10-19,3,8.938399944,27.90207004,5.773501205,18.39726765,23.6899751,2020,293
DL,2020-10-19,4,5.909048177,16.21390616,6.112766278,12.58742446,12.14687046,2020,293
DL,2020-10-19,5,7.155396685,16.99730256,4.46298532,10.518754,13.1659299,2020,293
DL,2021-06-22,1,14.8953846,28.29143989,0,0,40.29119692,2021,173
DL,2021-06-22,2,22.94520587,66.77920908,0,0,60.69518471,2021,173
DL,2021-06-22,3,17.52019924,25.21824542,0,0,18.26730683,2021,173
DL,2021-06-22,4,10.47587489,19.70518532,0,0,19.02026034,2021,173
DL,2021-06-22,5,12.14546745,21.18344392,0,0,16.14851437,2021,173
DL,2021-07-07,1,6.734490998,17.49928022,0,0,8.960614411,2021,188
DL,2021-07-07,2,14.71708428,9.837778823,0,0,11.85141806,2021,188
DL,2021-07-07,3,18.50114332,22.37241355,0,0,11.8497812,2021,188
DL,2021-07-07,4,7.562272183,18.40807378,0,0,12.98762957,2021,188
DL,2021-07-07,5,12.89842095,23.40636969,13.5087342,0,16.70247302,2021,188
DL,2021-07-20,1,12.69264484,25.46875941,0,0,18.48500861,2021,201
DL,2021-07-20,2,2.739394515,10.96684918,0,0,8.295349588,2021,201
DL,2021-07-20,3,10.34901859,14.33603324,0,0,10.19801867,2021,201
DL,2021-07-20,4,5.598045642,9.767667745,0,0,11.11167631,2021,201
DL,2021-07-20,5,7.766879114,19.10561826,0,0,13.84206812,2021,201
DL,2021-08-03,1,9.885437741,26.44828316,1.12676408,0,14.85937378,2021,215
DL,2021-08-03,2,7.598516839,36.60725237,1.071820237,0,12.11845933,2021,215
DL,2021-08-03,3,8.046313723,34.74157395,0,0,9.971372652,2021,215
DL,2021-08-03,4,7.510828154,33.01770345,0,0,9.789798615,2021,215
DL,2021-08-03,5,8.022930074,41.18047188,0,0,17.12980921,2021,215
DL,2021-08-17,1,5.143233663,8.271414365,0,0,11.810029,2021,229
DL,2021-08-17,2,9.94681982,35.50701618,0,0,32.84391383,2021,229
DL,2021-08-17,3,9.470377966,5.779089016,0,0,4.522105479,2021,229
DL,2021-08-17,4,9.712398736,28.25960757,0,0,15.80886686,2021,229
DL,2021-08-17,5,4.195026684,21.5899767,0,0,18.08298522,2021,229
DL,2021-09-22,1,17.78326529,35.19685911,0,0,22.10807123,2021,265
DL,2021-09-22,2,12.88672913,38.27884823,0,0,19.3416686,2021,265
DL,2021-09-22,3,5.479958213,16.11874808,0,0,16.67616641,2021,265
DL,2021-09-22,4,15.62729283,56.57562244,0,0,22.28567004,2021,265
DL,2021-09-22,5,7.922380382,24.09523676,0,0,16.14313613,2021,265
DL,2021-10-13,1,13.05392222,23.77891995,0,0,21.04224449,2021,286
DL,2021-10-13,2,10.46885979,24.38434638,0,0,16.23538463,2021,286
DL,2021-10-13,3,8.835511887,10.63327349,0,0,12.67838081,2021,286
DL,2021-10-13,4,11.88590894,15.95733561,0,0,13.51574929,2021,286
DL,2021-10-13,5,11.01019127,25.42957465,0,0,13.29769676,2021,286
GC,2020-07-21,1,22.607980244,42.054392199999995,64.93288655,365.1133866,4.996337578,2020,203
GC,2020-07-21,5,20.502783699,50.286065984,115.749064,145.9601196,6.678089636,2020,203
GC,2020-07-21,2,46.519431915,100.26845654,188.2383768,173.7529056,5.74643828,2020,203
GC,2020-07-21,3,35.598683101999995,25.701112419,52.61321092,0.024417944,6.070687653,2020,203
GC,2020-07-21,4,9.127222912,14.544949818,22.33138508,49.27528502,3.261598171,2020,203
GC,2020-08-04,1,10.857028369,23.303963713,46.33196332,0,20.66366321,2020,217
GC,2020-08-04,3,5.381357158,15.102451462000001,130.1853282,144.4633593,10.1575065,2020,217
GC,2020-08-04,4,7.438338841,9.490614568,135.3606176,216.8243862,9.430625762,2020,217
GC,2020-08-04,2,15.842032671999998,78.02471765,174.5516704,392.8381177,56.60900891,2020,217
GC,2020-08-04,5,34.26698427,9.471121206,129.2854517,176.245893,35.32030075,2020,217
GC,2020-08-18,1,5.761438891,18.373898737,25.01775666,31.6686813,9.213625496,2020,231
GC,2020-08-18,4,44.94867424,30.766402569999997,322.4646895,207.9225662,34.06240072,2020,231
GC,2020-08-18,2,37.806684183,26.351300052,57.12511034,233.7949652,31.3836634,2020,231
GC,2020-08-18,3,23.750772593,46.62400966,23.25389961,155.9498209,19.25222614,2020,231
GC,2020-08-18,5,9.105300741,24.118090969,69.75708647,75.89983481,14.50557917,2020,231
GC,2020-09-01,1,16.194521703,55.735228971000005,7.502643877,0,35.07547395,2020,245
GC,2020-09-01,2,17.06421807,23.91428054,0,0,43.94956885,2020,245
GC,2020-09-01,3,14.21082827,21.775068298,7.791431946,0,43.2597512,2020,245
GC,2020-09-01,4,9.162298386,13.718085673,83.66114357,0,30.66648687,2020,245
GC,2020-09-01,5,9.063502468,17.8004368,4.695436779,0,23.3862215,2020,245
GC,2020-09-29,2,26.006125560999998,80.01823318,105.8790684,144.1866238,61.35682506,2020,273
GC,2020-09-29,1,20.202303809,51.62746789,165.5816698,408.1533551,27.42714993,2020,273
GC,2020-09-29,3,10.485812936,55.378138156,26.37195792,40.69989353,69.2167711,2020,273
GC,2020-09-29,4,23.250947088,77.40501521,24.86938652,29.57847942,188.4277844,2020,273
GC,2020-09-29,5,14.956182093,40.714934389,14.78110604,21.16385446,56.7486093,2020,273
GC,2020-10-20,1,18.7162729,78.16083398,12.30416885,5.949774162,146.1496788,2020,294
GC,2020-10-20,4,5.537248154,24.67697574,0,0,26.32437703,2020,294
GC,2020-10-20,2,8.492356834,30.1671841,4.598702105,9.154473392,31.92101966,2020,294
GC,2020-10-20,3,18.5292037,48.77860409,0,0,58.53395092,2020,294
GC,2020-10-20,5,17.07941745,64.75924886,0,0,156.2184444,2020,294
GC,2021-06-22,1,6.430503557,22.73079245,4.946957858,3.351850336,30.75324021,2021,173
GC,2021-06-22,2,10.04093901,36.71359165,2.644690736,0,32.08657589,2021,173
GC,2021-06-22,3,9.143006875,27.15223061,2.309970498,0,28.32180836,2021,173
GC,2021-06-22,4,7.313236318,17.12238075,0,0,28.89517544,2021,173
GC,2021-06-22,5,6.734490998,17.78030258,0,0,27.97152129,2021,173
GC,2021-07-07,1,8.464881046,18.87490991,0,0,14.32950029,2021,188
GC,2021-07-07,2,4.902382075,8.95533191,38.86826223,41.03418368,5.486914849,2021,188
GC,2021-07-07,3,18.909772598,26.174046556999997,154.70258832000002,75.46217301,29.72435964,2021,188
GC,2021-07-07,4,13.887549316,13.701634738000001,107.645254,95.33000115,13.58636791,2021,188
GC,2021-07-07,5,3.412843615,36.167428387,0,0,29.50969774,2021,188
GC,2021-07-20,1,35.8050438,108.9924516,51.21603787,0,56.42381041,2021,201
GC,2021-07-20,2,10.59746986,83.49241324,2.094005795,0,91.87903482,2021,201
GC,2021-07-20,3,7.558764634999999,16.567358776,56.68443419,166.4852658,11.0295997,2021,201
GC,2021-07-20,4,9.878422646,31.004540613,10.78574445,19.63544954,36.75839519,2021,201
GC,2021-07-20,5,12.683291379,38.863854266000004,114.288766,336.6377259,31.73862719,2021,201
GC,2021-08-03,5,5.15609467,13.33653771,40.86677018,0,13.25852915,2021,215
GC,2021-08-03,1,3.66187948,19.26744272,0.698368885,0,26.40341377,2021,215
GC,2021-08-03,2,12.94518825,25.05284507,55.426893289,4.278804068,29.96608812,2021,215
GC,2021-08-03,3,1.367358893,5.99195967,36.86438975,103.4858619,2.972529499,2021,215
GC,2021-08-03,4,12.88439076,59.01068075,0,0,81.31605584,2021,215
GC,2021-08-17,1,5.81083685,18.45811952,6.830128774,0,52.00698981,2021,229
GC,2021-08-17,2,8.791082953,26.14338765,23.8700292,45.81640428,46.51592437,2021,229
GC,2021-08-17,3,12.925312149,36.35406725,100.3361917,148.5128723,40.10506307,2021,229
GC,2021-08-17,4,13.352063749,34.52846959,75.2285633,140.6195322,22.26883382,2021,229
GC,2021-08-17,5,7.955117491,27.68369586,98.86958211,207.344989,20.05826053,2021,229
GC,2021-08-17,6,12.471669353,21.028526807000002,107.6248161,143.7187727,26.41335182,2021,229
GC,2021-08-17,7,14.227781414999999,49.377467319999994,108.811184,267.1262401,32.40178749,2021,229
GC,2021-09-09,1,11.082095993,46.07502142,40.8181783,177.0088721,30.72705052,2021,252
GC,2021-09-09,2,14.126062537,54.630564086,10.6019777,28.48314908,55.4337467,2021,252
GC,2021-09-09,3,28.15040621,76.82546932,80.13191726,234.4544597,53.66512438,2021,252
GC,2021-09-09,4,22.802565610000002,33.25663668,130.6292705,299.2682728,20.11613506,2021,252
GC,2021-09-09,5,7.822999873,22.50956345,63.15682085,145.5549765,9.979206174,2021,252
GC,2021-09-09,6,20.600995028,51.841388505000005,64.13313485,228.8525134,37.77160871,2021,252
GC,2021-09-09,7,20.084216384,53.973541767,12.03408959,44.66962951,60.94082994,2021,252
GC,2021-09-09,8,47.14845207,84.10815351,212.6810384,282.7238684,36.0561842,2021,252
GC,2021-09-09,9,7.544734445,12.592306055000002,99.27333899,60.58126291,8.65592546,2021,252
GC,2021-09-09,10,10.658851942,21.50328085,63.80790698,105.8071523,7.070572497,2021,252
GC,2021-09-09,11,15.74654944,48.2734678,24.36987933,76.16055032,54.65542193,2021,252
GC,2021-09-09,12,18.414623821,46.435554412,25.7416153,149.6185333,38.93751746,2021,252
GC,2021-09-09,13,4.195026684,8.431802804,104.3553902,192.2320116,0.318695756,2021,252
GC,2021-09-09,14,9.535253562,24.71242633,103.4199357,345.1482485,14.15996883,2021,252
GC,2021-09-09,15,8.660134518,17.975500038,72.31873961,211.0095774,5.909866605,2021,252
GC,2021-09-09,16,20.278300668,46.742007305,13.6307145,17.00344796,57.38628141,2021,252
GC,2021-09-09,17,6.442195381,18.547555222,41.29186204,100.9157281,14.37135702,2021,252
GC,2021-09-09,18,8.303533865,27.307484600000002,112.7875099,276.1939074,16.66283773,2021,252
GC,2021-09-09,19,9.859715726000001,17.934111765,106.5276181,359.8249197,6.894435159,2021,252
GC,2021-09-09,20,7.779740121,16.715248187,71.83526096,59.38588798,14.62226358,2021,252
GC,2021-09-09,12.1,0.683971742,1.898092904,4.490938535,14.08833425,0,2021,252
GC,2021-10-13,1,25.58989661,52.87550646,57.65859151,0,27.53050566,2021,286
GC,2021-10-13,2,28.88465279,44.737552,157.4394726,0,28.88991412,2021,286
GC,2021-10-13,3,9.120792409,8.241789532,31.0008533,83.93582676,7.014276362,2021,286
GC,2021-10-13,4,1.419621349,3.795131874,9.812848189,14.25719617,3.416818835,2021,286
GC,2021-10-13,5,25.25434124,57.69878214,37.35479839,12.61052776,26.81870738,2021,286
GR,2020-07-20,1,46.89240112,67.86353276,111.3414546,234.8172494,7.232211973,2020,202
GR,2020-07-20,2,9.698368546,29.73568704,12.20931044,17.37621257,6.484975768,2020,202
GR,2020-07-20,3,18.29770558,28.7021627,26.83117681,57.58324162,10.72257239,2020,202
GR,2020-07-20,4,10.57876294,23.44430605,7.836548521,12.76919641,5.018809265,2020,202
GR,2020-07-20,5,26.54511868,179.0992633,168.1163434,463.890311,1.07162588,2020,202
GR,2020-07-27,1,35.97574444,51.13151861,164.3464424,343.9170055,17.57842452,2020,209
GR,2020-07-27,2,10.73777176,12.62245347,82.67663471,38.66319404,23.23001872,2020,209
GR,2020-07-27,3,18.48477477,62.19633928,61.79003842,227.3375435,55.36733713,2020,209
GR,2020-07-27,4,11.68514361,39.98018354,117.2913153,143.7973133,39.52444706,2020,209
GR,2020-07-27,5,5.907878995,9.269110208,6.821631393,4.013317798,14.67183692,2020,209
GR,2020-08-03,1,4.545781423,9.788302342,5.903681763,9.609065326,10.60050974,2020,216
GR,2020-08-03,2,7.094599197,17.34464602,42.28144153,52.81974679,21.37008326,2020,216
GR,2020-08-03,3,31.12948313,42.7477662,120.4410363,194.3783218,42.63131563,2020,216
GR,2020-08-03,4,22.50676245,55.79048052,177.8135685,214.7439427,29.74166354,2020,216
GR,2020-08-03,5,3.280258323,43.86949826,80.39507655,114.2927432,20.4723265,2020,216
GR,2020-08-10,1,6.319431223,13.02944671,76.03991472,234.9297558,17.67242679,2020,223
GR,2020-08-10,2,7.66983697,29.60368505,33.39817115,115.197154,17.19165896,2020,223
GR,2020-08-10,3,7.055431584,31.42069832,33.20338063,101.9814177,18.38673882,2020,223
GR,2020-08-10,4,14.92812171,49.88259993,98.63514552,227.2186637,32.98848325,2020,223
GR,2020-08-10,5,10.95991643,30.1194712,43.76002456,142.2094297,24.37324534,2020,223
GR,2020-08-17,1,3.883244693,33.79014547,18.28970563,53.33040398,25.4315893,2020,230
GR,2020-08-17,3,8.460204316,33.92791949,74.93426788,134.1263348,32.21191225,2020,230
GR,2020-08-17,4,18.60344679,42.26024757,104.9986272,304.3451999,35.04238608,2020,230
GR,2020-08-17,5,3.612773816,27.74368796,13.87459235,41.78758279,29.05301507,2020,230
GR,2020-08-17,2,9.119623226,53.37850573,8.869489073,26.80279011,39.24945535,2020,230
GR,2020-08-24,1,6.629264576,28.44181897,22.15240906,33.992375440000004,30.71559253,2020,237
GR,2020-08-24,2,10.2481766,69.76801412,137.4279017,213.8442203,32.81772415,2020,237
GR,2020-08-24,3,113.1113884,138.5479375,142.7700988,208.7344547,103.7504459,2020,237
GR,2020-08-24,4,10.78395446,30.86638119,82.4120892,147.7292308,32.11779306,2020,237
GR,2020-08-24,5,7.183457064,30.25831498,37.23459531,65.46721048,41.88853401,2020,237
GR,2020-09-14,1,17.85107787,43.83935765,7.807365061,29.28463322,0,2020,258
GR,2020-09-14,2,22.32203162,50.9573671,106.9772964,293.047188,0,2020,258
GR,2020-09-14,3,15.13857456,69.33235599,80.83229156,210.9974151,0,2020,258
GR,2020-09-14,4,25.1701601,116.6496337,23.12996969,43.03166665,0,2020,258
GR,2020-09-14,5,2.861574083,6.489548698,6.109844464,14.37298152,0,2020,258
GR,2020-09-21,1,29.16876413,72.73044013,22.0606966,80.16385211,128.8539626,2020,265
GR,2020-09-21,2,16.09964254,64.63238433,57.25964988,287.7352234,117.4537321,2020,265
GR,2020-09-21,3,9.107931401,98.39094914,25.73664833,112.467154,95.94966049,2020,265
GR,2020-09-21,4,7.623654262,29.50695207,3.465602195,10.1711719,23.35500433,2020,265
GR,2020-09-21,5,8.885786733,38.54054635,29.38317663,91.7723502,75.29535074,2020,265
GR,2020-09-28,1,12.6949832,60.48623597,25.42051058,101.1078091,55.9149822,2020,272
GR,2020-09-28,2,11.61699697,126.0990832,23.28504935,76.31446287,86.514358,2020,272
GR,2020-09-28,3,4.282325641,108.1077135,39.64515793,146.2231344,99.19016661,2020,272
GR,2020-09-28,4,6.453887206,29.18955312,10.14227905,59.60250282,18.99863046,2020,272
GR,2020-09-28,5,6.297996211,19.67607723,54.37044395,157.2789546,13.10419707,2020,272
GR,2020-10-05,1,8.740808107,69.19137468,4.32063521,11.91878076,57.2375614,2020,279
GR,2020-10-05,2,30.76820575,49.88793077,57.66885613,128.7363513,98.7800174,2020,279
GR,2020-10-05,3,7.638658771,67.20986262,21.09889139,68.411527,92.15496188,2020,279
GR,2020-10-05,4,4.590989812,14.51400521,7.794624209,39.44355561,13.57724829,2020,279
GR,2020-10-05,5,9.708891188,53.3158647,1.951807577,7.940278813,23.40235622,2020,279
GR,2020-10-19,1,9.517145264,95.74360265,7.78815471,48.09351363,114.7248602,2020,293
GR,2020-10-19,2,8.156216875,116.1316211,7.91621116,33.40504815,127.6957704,2020,293
GR,2020-10-19,3,12.39567249,79.0091621,4.069721417,29.80668149,55.8604983,2020,293
GR,2020-10-19,4,10.51211954,37.06218145,0,0,55.46765299,2020,293
GR,2020-10-19,5,11.69065547,51.51451551,4.234452826,9.951047811,29.74622335,2020,293
GR,2021-06-22,1,14.34762262,25.51534423,0,0,31.88202742,2021,173
GR,2021-06-22,2,27.72833134,34.8222107,0,0,60.44088752,2021,173
GR,2021-06-22,3,3.283064361,5.817755722,0,0,6.958272521,2021,173
GR,2021-06-22,4,2.185202027,3.922741111,0,0,4.998956547,2021,173
GR,2021-06-22,5,23.21411784,61.22392795,0,0,48.55030185,2021,173
GR,2021-07-07,1,16.20486896,23.10074046,0,0,29.40610817,2021,188
GR,2021-07-07,2,11.12594034,11.75747789,0,0,12.90426686,2021,188
GR,2021-07-07,3,12.72070522,23.30729002,0,0,19.76678334,2021,188
GR,2021-07-07,4,20.56241201,22.56741661,0,0,27.4852583,2021,188
GR,2021-07-07,5,13.46664363,17.46929125,5.027484599,0,14.57011804,2021,188
GR,2021-07-20,1,13.29945054,31.7924179,0,0,16.15085273,2021,201
GR,2021-07-20,2,32.14959483,33.63968681,0,0,25.52588387,2021,201
GR,2021-07-20,3,28.80865593,63.73001199,0,0,51.42532154,2021,201
GR,2021-07-20,4,7.934072207,37.52408096,0,0,17.7103083,2021,201
GR,2021-07-20,5,14.45109527,56.61596508,0,0,38.98989684,2021,201
GR,2021-08-03,1,7.340127514,45.17335359,0,0,18.52101943,2021,215
GR,2021-08-03,2,9.620033321,23.86846415,1.806452892,2.644029037,24.21277504,2021,215
GR,2021-08-03,3,8.745484837,27.23125898,5.203264561,0,13.43624489,2021,215
GR,2021-08-03,4,6.430503557,28.86722239,5.431474895,0,10.20135084,2021,215
GR,2021-08-03,5,22.31384734,45.20996114,0,0,54.1942496,2021,215
GR,2021-08-17,1,4.332990215,9.43657372,0,0,12.70082912,2021,229
GR,2021-08-17,2,3.846610309,13.19908607,0,0,19.54078037,2021,229
GR,2021-08-17,3,3.619788911,8.241893584,5.097395203,0,8.61593942,2021,229
GR,2021-08-17,4,10.21047047,17.63230182,35.83751384,0,29.35150735,2021,229
GR,2021-08-17,5,9.902975478,33.90166375,5.739037035,0,32.1846703,2021,229
GR,2021-09-22,1,14.56801351,44.15513826,58.46964589,0,43.04111408,2021,265
GR,2021-09-22,2,23.4304166,56.47247482,9.587124273,36.22054585,51.14004101,2021,265
GR,2021-09-22,3,26.30485169,85.67177139,0.588523661,5.00324251,39.50375253,2021,265
GR,2021-09-22,4,5.714963888,15.6389242,0,0,2.062554786,2021,265
GR,2021-09-22,5,10.42560004,33.96466819,2.335766746,9.070820336,26.34086251,2021,265
GR,2021-10-13,1,31.03477935,72.12850873,16.14456534,0,59.71248685,2021,286
GR,2021-10-13,2,40.279505095,129.75945695,18.17850514,59.18897447,95.3140929,2021,286
GR,2021-10-13,3,36.7123294,73.33875136,65.71997119,0,29.39324717,2021,286
GR,2021-10-13,4,35.165501,52.677476979999994,22.541452562,145.6416553,25.87389103,2021,286
GR,2021-10-13,5,10.55070256,60.48211645,3.589930017,0,24.07580532,2021,286
PL,2020-07-21,1,14.27337953,23.54737039,35.07547395,0,2.778071071,2020,203
PL,2020-07-21,5,0,0,0,0,0,2020,203
PL,2020-07-21,2,21.32588816,56.2515758,5.301073296,6.292463455,1.438562105,2020,203
PL,2020-07-21,3,0.383491848,0.706554642,0,0,0.313808574,2020,203
PL,2020-07-21,4,1.9081057830000001,3.253679252,0,0,0,2020,203
PL,2020-08-04,1,0.672669645,1.8509989070000001,0,52.44362165,0.803345272,2020,217
PL,2020-08-04,5,0,0,0,0,0,2020,217
PL,2020-08-04,2,1.470831541,1.742444734,0,0,16.62039641,2020,217
PL,2020-08-04,3,4.094476992,13.238956610999999,3.672402122,32.6615755,33.1407108,2020,217
PL,2020-08-04,4,1.557935634,1.789294396,0,0,3.769444267,2020,217
PL,2020-08-18,3,5.705610429,13.7393421,5.934752442,5.793235605,7.924952583,2020,231
PL,2020-08-18,1,10.92016422,15.8868069,0,0,16.72398598,2020,231
PL,2020-08-18,2,3.322231974,8.237954978,16.01017022,13.75290601,4.195026684,2020,231
PL,2020-08-18,4,9.411918842,22.31569507,1.816467517,3.747470531,18.11122097,2020,231
PL,2020-08-18,5,1.732728413,3.625031841,0,0,2.214244519,2020,231
PL,2020-09-01,2,6.695907976,16.12815629,43.39186882,0,8.589048223,2020,245
PL,2020-09-01,4,7.693220619,14.40793789,0,0,25.46292339,2020,245
PL,2020-09-01,1,4.5383766009999995,18.818079922,5.400453805,0,10.29792531,2020,245
PL,2020-09-01,3,14.49786256,50.96564517,0,0,47.51557537,2020,245
PL,2020-09-01,5,3.525669723,11.37801408,0,0,6.341879526,2020,245
PL,2020-09-29,5,5.854486329,26.7094492,11.64799706,0,15.27139368,2020,273
PL,2020-09-29,1,11.700885813,59.69293163,154.9629959,0,34.02812029,2020,273
PL,2020-09-29,2,7.819492325,28.05718626,9.882909605,10.6235171,17.02329669,2020,273
PL,2020-09-29,3,15.53141986,49.88186786,0,0,59.78158553,2020,273
PL,2020-09-29,4,8.194799896,17.64601646,0,0,21.81928316,2020,273
PL,2020-10-20,1,18.32693514,52.47688179,0,0,104.5190664,2020,294
PL,2020-10-20,2,11.7463865,47.59398737,0,0,56.88423446,2020,294
PL,2020-10-20,3,20.47706169,98.61253358,0,0,53.38767738,2020,294
PL,2020-10-20,4,19.02026034,133.2372766,0,0,109.2404591,2020,294
PL,2020-10-20,5,38.19719113,74.36355756,0,0,65.39295985,2020,294
PL,2021-06-22,1,14.59139716,23.35945424,0,0,27.18115394,2021,173
PL,2021-06-22,3,8.388884185,21.43514551,0,0,23.02237192,2021,173
PL,2021-06-22,2,7.562272183,10.01175336,0,0,10.0601136,2021,173
PL,2021-06-22,4,8.698717539,17.28585158,0,0,12.49739137,2021,173
PL,2021-06-22,5,9.952081141,21.06706741,0,0,11.51153671,2021,173
PL,2021-07-07,1,8.231044553,20.24490321,0,0,5.66819659,2021,188
PL,2021-07-07,4,7.810138865,17.91041061,0,0,11.57022967,2021,188
PL,2021-07-07,2,9.952665732,17.12748985,0,0,10.04035442,2021,188
PL,2021-07-07,3,0.675319792,1.514715635,0,0,2.020627903,2021,188
PL,2021-07-07,5,12.35825865,34.39004903,16.30493153,0,15.80383938,2021,188
PL,2021-07-20,1,4.835738675,15.61042138,2.80470872,12.17164643,11.52346237,2021,201
PL,2021-07-20,2,2.865666221,4.182833268,0,0,4.094126237,2021,201
PL,2021-07-20,3,3.6491854989999997,27.673288782,10.01726375,84.15754767,8.6786076,2021,201
PL,2021-07-20,4,4.2406248,7.680322338,0,0,5.065950702,2021,201
PL,2021-07-20,5,6.357429653,17.86591845,5.543094066,0,10.23765396,2021,201
PL,2021-08-03,1,8.567769102,18.784798451,26.44682596,32.47737588,6.721746909,2021,215
PL,2021-08-03,2,5.098804729,11.49780696,2.989512518,15.04816321,8.82265088,2021,215
PL,2021-08-03,3,21.045868959,7.781394012,12.11054611,31.94389705,27.41323666,2021,215
PL,2021-08-03,4,2.623645451,5.776796571,0,0,4.06819377,2021,215
PL,2021-08-03,5,4.349358769,9.331617052,0,0,6.089102277,2021,215
PL,2021-08-17,1,6.430503557,33.64926982,0,0,11.41496224,2021,229
PL,2021-08-17,2,4.758572632,17.78359746,1.61216003,0,10.34024972,2021,229
PL,2021-08-17,3,0.708190522,13.30153917,0,0,7.889643273,2021,229
PL,2021-08-17,4,6.266818012,16.13862191,0,0,10.03082558,2021,229
PL,2021-08-17,5,8.663642065,16.34767092,17.664967407,112.9008043,10.79915384,2021,229
