mean,se_mean,sd,X_2.5,X_50,X_97.5,parameter,biomass_vars,model,r2_adj,rmse
0.6666174230450467,9.63042485816729e-4,0.02041201525431275,0.6280255258104022,0.666619644705025,0.7061252442954957,phi,light,ar1_lmod,0.5213730640977146,2.2938834401212924
2.155469925221883,0.007038387547140046,0.18004194467760415,1.8124164153341655,2.1514050747468767,2.5087483450882813,gamma_intercept,light,ar1_lmod,0.5213730640977146,2.2938834401212924
0.3657999518241966,7.388787318746988e-4,0.02144779935491306,0.3244081137398245,0.3651735104165122,0.40909978583069406,gamma_light,light,ar1_lmod,0.5213730640977146,2.2938834401212924
2.468671123527234,0.007275993078171436,0.1561598661490007,2.164374899720694,2.4696939816067047,2.7688810403101645,beta_1,light,ar1_lmod,0.5213730640977146,2.2938834401212924
1.9398531763229443,0.005581712197114592,0.12661982809222538,1.6943743014837651,1.9412094271111027,2.1881355762413617,beta_2,light,ar1_lmod,0.5213730640977146,2.2938834401212924
2.215190486958159,0.006528967187626916,0.14031514998356157,1.940779090622504,2.21474460240732,2.4799083026853794,beta_3,light,ar1_lmod,0.5213730640977146,2.2938834401212924
2.103845186270579,0.006207601944748669,0.13505311658950866,1.8387631852383635,2.1038018670334124,2.358455554684413,beta_4,light,ar1_lmod,0.5213730640977146,2.2938834401212924
2.1586667443129577,0.006531338463002843,0.1413267001876514,1.8825095180010336,2.155339391193876,2.4294100046044123,beta_5,light,ar1_lmod,0.5213730640977146,2.2938834401212924
2.0471569929769284,0.006045873104604569,0.13180626259571165,1.7912350765808611,2.0444380396769053,2.298409573986738,beta_6,light,ar1_lmod,0.5213730640977146,2.2938834401212924
0.25867215098193974,0.0030967995375737966,0.1297183136936081,0.11605441713141945,0.2273790335083359,0.5929212495038867,tau,light,ar1_lmod,0.5213730640977146,2.2938834401212924
0.48208824801711275,1.722871417294251e-4,0.011256945910421779,0.46045963056070377,0.48188812204168674,0.5044127405081266,sigma,light,ar1_lmod,0.5213730640977146,2.2938834401212924
0.6428278866039145,9.783773718724646e-4,0.019667567553797546,0.6050333400501098,0.6429109855160531,0.6808325435694543,phi,light + epil_afdm,ar1_lmod,0.5360319718037647,2.2573766077559023
2.1758950786309996,0.007557982451022042,0.17443172442084162,1.8522382532457884,2.170812383093671,2.531880109541594,gamma_intercept,light + epil_afdm,ar1_lmod,0.5360319718037647,2.2573766077559023
0.3807197790427582,7.389338351035641e-4,0.020720464212092813,0.340584069457312,0.38040982256816813,0.4229837738433545,gamma_light,light + epil_afdm,ar1_lmod,0.5360319718037647,2.2573766077559023
0.12770320263465998,4.458413803401174e-4,0.021928731070275757,0.08419359547176947,0.12772461883809313,0.17078914624032643,gamma_epil_afdm,light + epil_afdm,ar1_lmod,0.5360319718037647,2.2573766077559023
2.540617528308537,0.006901907374465882,0.1429043546191852,2.262052553838124,2.5407377426437567,2.827043696817838,beta_1,light + epil_afdm,ar1_lmod,0.5360319718037647,2.2573766077559023
2.205923470500365,0.005923426539624575,0.13393324543176638,1.946383117946471,2.205460014599529,2.4656336416707303,beta_2,light + epil_afdm,ar1_lmod,0.5360319718037647,2.2573766077559023
2.1669493633655867,0.006175495738376608,0.12518158261921253,1.9250985930027127,2.167477762435765,2.408907257327314,beta_3,light + epil_afdm,ar1_lmod,0.5360319718037647,2.2573766077559023
2.103830167679735,0.005968120932198257,0.12275792571423964,1.8696931314091134,2.1039775952152504,2.3428329955707015,beta_4,light + epil_afdm,ar1_lmod,0.5360319718037647,2.2573766077559023
2.060035476334733,0.005911196016276952,0.12298753110631552,1.8206546896235352,2.061692700392036,2.3000820828551376,beta_5,light + epil_afdm,ar1_lmod,0.5360319718037647,2.2573766077559023
1.9817533581304647,0.0058204200540048455,0.11756139070183373,1.7550043384184013,1.9833789202934624,2.2084051762787853,beta_6,light + epil_afdm,ar1_lmod,0.5360319718037647,2.2573766077559023
0.27392525220347486,0.003057596611567993,0.13454758648272683,0.12752102698889728,0.239815918591213,0.6304161140730119,tau,light + epil_afdm,ar1_lmod,0.5360319718037647,2.2573766077559023
0.4431201601871436,1.751638315035535e-4,0.010362926835787916,0.4228201955934956,0.4428054570592144,0.46361022230757426,sigma,light + epil_afdm,ar1_lmod,0.5360319718037647,2.2573766077559023
0.6767075684453877,7.69346935447218e-4,0.019328909988037508,0.6391764142038157,0.6769175817771893,0.7133738540197336,phi,light + fila_afdm,ar1_lmod,0.5154745528694431,2.306844329988695
2.148545327641259,0.0060181836296065334,0.17180771732143896,1.827472038890382,2.1465458236241357,2.4904209957894063,gamma_intercept,light + fila_afdm,ar1_lmod,0.5154745528694431,2.306844329988695
0.4260686484352348,6.198739057289007e-4,0.026032569106896296,0.3752155442751199,0.4260744100383307,0.4774143741470406,gamma_light,light + fila_afdm,ar1_lmod,0.5154745528694431,2.306844329988695
-0.10127955150100464,4.8678585299380536e-4,0.029252778424337832,-0.15975371949002803,-0.10143839655552826,-0.043852676793247364,gamma_fila_afdm,light + fila_afdm,ar1_lmod,0.5154745528694431,2.306844329988695
2.3853089531677507,0.0060921032565056064,0.15533694197647654,2.086754925183234,2.38738774439754,2.689422304144978,beta_1,light + fila_afdm,ar1_lmod,0.5154745528694431,2.306844329988695
1.8392697659206112,0.004691984049925538,0.1312209142953695,1.5858070430914006,1.8394750828837094,2.0988223004665723,beta_2,light + fila_afdm,ar1_lmod,0.5154745528694431,2.306844329988695
2.22883532686538,0.005378000554093404,0.13756746440250714,1.968508596909636,2.2296902123419997,2.500801863280664,beta_3,light + fila_afdm,ar1_lmod,0.5154745528694431,2.306844329988695
2.1685979865883445,0.00514271246707872,0.13261224762062301,1.9172484289983058,2.1672496826730976,2.4305599898113646,beta_4,light + fila_afdm,ar1_lmod,0.5154745528694431,2.306844329988695
2.1609664468330556,0.0053849788035738025,0.13721470042279824,1.9014439183510374,2.1601348075059974,2.4305042175389695,beta_5,light + fila_afdm,ar1_lmod,0.5154745528694431,2.306844329988695
2.090159851683139,0.004996967797933912,0.12950782830802976,1.8402585561289886,2.088248116830972,2.339204339672637,beta_6,light + fila_afdm,ar1_lmod,0.5154745528694431,2.306844329988695
0.254906329241598,0.0029672356326403276,0.12505475405813865,0.115514796768132,0.22327672389192102,0.6036709111304486,tau,light + fila_afdm,ar1_lmod,0.5154745528694431,2.306844329988695
0.4946364977924199,1.7326162513828656e-4,0.011354142867462853,0.47287578666153995,0.49431327125276875,0.5181372739212362,sigma,light + fila_afdm,ar1_lmod,0.5154745528694431,2.306844329988695
0.6544072207382517,9.218013007046193e-4,0.020453629178878018,0.6131919572715174,0.6550179819518092,0.6929981028439693,phi,light + epil_afdm + fila_afdm,ar1_lmod,0.5296953509375241,2.2716249764265948
2.165926928259645,0.0063899572019405874,0.16867295342555017,1.833850833084223,2.1636320110287213,2.5031306107611297,gamma_intercept,light + epil_afdm + fila_afdm,ar1_lmod,0.5296953509375241,2.2716249764265948
0.41258947373212346,5.792288493636423e-4,0.024105175283359887,0.3650517413665691,0.41242236355811707,0.4593806293573214,gamma_light,light + epil_afdm + fila_afdm,ar1_lmod,0.5296953509375241,2.2716249764265948
0.1169944217832725,4.327028680002906e-4,0.02362031555071378,0.06860292503514254,0.1169845035824914,0.16266733955991194,gamma_epil_afdm,light + epil_afdm + fila_afdm,ar1_lmod,0.5296953509375241,2.2716249764265948
-0.05516529402878587,5.335898457025532e-4,0.028358343881421624,-0.10937054619437893,-0.055067649352716255,8.648463485938543e-4,gamma_fila_afdm,light + epil_afdm + fila_afdm,ar1_lmod,0.5296953509375241,2.2716249764265948
2.4867462063525894,0.0071539528519540966,0.16295352788257222,2.1831521061032424,2.481098373383239,2.816209742056207,beta_1,light + epil_afdm + fila_afdm,ar1_lmod,0.5296953509375241,2.2716249764265948
2.12710115483981,0.006393956056527648,0.15490455058692149,1.8406383004519158,2.1245907807261806,2.4424378020484405,beta_2,light + epil_afdm + fila_afdm,ar1_lmod,0.5296953509375241,2.2716249764265948
2.1776264298038788,0.0058227514862726594,0.13270218466411465,1.9212624582382354,2.1752761670655922,2.442383456609428,beta_3,light + epil_afdm + fila_afdm,ar1_lmod,0.5296953509375241,2.2716249764265948
2.1406414499819904,0.005586897185397922,0.12816124660926934,1.8892955472074788,2.1393679889469706,2.3991810220243703,beta_4,light + epil_afdm + fila_afdm,ar1_lmod,0.5296953509375241,2.2716249764265948
2.071123738194489,0.00567092671939935,0.1303062372910433,1.8188531454182315,2.0683401004228172,2.33304677867798,beta_5,light + epil_afdm + fila_afdm,ar1_lmod,0.5296953509375241,2.2716249764265948
2.010591172660607,0.005415655371771409,0.12340606495074923,1.7678952421978158,2.006864760791457,2.256230068704165,beta_6,light + epil_afdm + fila_afdm,ar1_lmod,0.5296953509375241,2.2716249764265948
0.24049426743569216,0.0027954745309957734,0.12163056861827005,0.1066429742376062,0.20983176903254014,0.5643834484233751,tau,light + epil_afdm + fila_afdm,ar1_lmod,0.5296953509375241,2.2716249764265948
0.45761386748955,1.5348919266037038e-4,0.01089276722520091,0.43653569786957364,0.45746708708236683,0.4792361523365289,sigma,light + epil_afdm + fila_afdm,ar1_lmod,0.5296953509375241,2.2716249764265948
0.6618284788692326,8.04073808073167e-4,0.019238755123558084,0.6248302683425776,0.6619910295497702,0.6989328330573741,phi,light + epil_chla,ar1_lmod,0.5195983082837605,2.2970066741554667
2.179408497239921,0.006324828558822809,0.1918335530872688,1.7996984439462056,2.18059785997143,2.5526555426917046,gamma_intercept,light + epil_chla,ar1_lmod,0.5195983082837605,2.2970066741554667
0.45329489774084264,7.996948697845159e-4,0.025981664311058483,0.4014455990626998,0.45364517769470647,0.5050416945282145,gamma_light,light + epil_chla,ar1_lmod,0.5195983082837605,2.2970066741554667
0.17450375215306813,5.56013539226751e-4,0.02776300014173244,0.12051403579187682,0.1742992965968734,0.226546946670165,gamma_epil_chla,light + epil_chla,ar1_lmod,0.5195983082837605,2.2970066741554667
2.5732393979815162,0.006217096186863469,0.14745221819834808,2.2863746952812054,2.571849615895289,2.8600954209840093,beta_1,light + epil_chla,ar1_lmod,0.5195983082837605,2.2970066741554667
2.3030508853754776,0.005348416919034593,0.13797160104647277,2.034223059208054,2.306285685353249,2.5650948028644294,beta_2,light + epil_chla,ar1_lmod,0.5195983082837605,2.2970066741554667
2.0998574776422276,0.005264171568165362,0.13055251606266197,1.847409553292419,2.0973679362769544,2.351756625849262,beta_3,light + epil_chla,ar1_lmod,0.5195983082837605,2.2970066741554667
2.078453157221782,0.005243186890731778,0.1265375706133192,1.835413853388299,2.0793744156526124,2.3221174139758003,beta_4,light + epil_chla,ar1_lmod,0.5195983082837605,2.2970066741554667
2.0498429886778364,0.0052549460140894596,0.1302852934304919,1.8001996567497813,2.0503656332465523,2.302584336168006,beta_5,light + epil_chla,ar1_lmod,0.5195983082837605,2.2970066741554667
1.9914095194009591,0.005017277797949529,0.12382526976537754,1.7543689107578542,1.9904930094454045,2.231423075615192,beta_6,light + epil_chla,ar1_lmod,0.5195983082837605,2.2970066741554667
0.3160363668053825,0.004930863590949984,0.18267251318357652,0.1417476281399288,0.2727074481760839,0.7448217347850505,tau,light + epil_chla,ar1_lmod,0.5195983082837605,2.2970066741554667
0.4656453596409399,1.522238398539001e-4,0.010861310309863547,0.4450152002013501,0.46546699502422323,0.4878641073182013,sigma,light + epil_chla,ar1_lmod,0.5195983082837605,2.2970066741554667
0.6268316798533814,6.176631597800933e-4,0.02021643204966158,0.5877520667910989,0.6268211965637498,0.6665648451313686,phi,light + fila_chla,ar1_lmod,0.5770403661428982,2.155308559981152
2.164004689318101,0.004219908481620739,0.17096176641768218,1.8436130221566533,2.1600322905071523,2.513714932727574,gamma_intercept,light + fila_chla,ar1_lmod,0.5770403661428982,2.155308559981152
0.3089604921807063,3.6031884148358706e-4,0.018906870468622286,0.2723113907656263,0.3090171515591286,0.34613186885901287,gamma_light,light + fila_chla,ar1_lmod,0.5770403661428982,2.155308559981152
0.0883782964023112,0.00035999116453595787,0.01957418087346534,0.04926477766411694,0.08852712959665875,0.12680020358523583,gamma_fila_chla,light + fila_chla,ar1_lmod,0.5770403661428982,2.155308559981152
2.520797867556185,0.004371047016348271,0.14341691653616243,2.2385573902993454,2.519324373583733,2.795797110128744,beta_1,light + fila_chla,ar1_lmod,0.5770403661428982,2.155308559981152
1.9832986488761888,0.0034641032986488943,0.11689712270829301,1.7568413236820732,1.9827732162731018,2.2045685662309333,beta_2,light + fila_chla,ar1_lmod,0.5770403661428982,2.155308559981152
2.1913240767617745,0.003732687428405359,0.122407550767682,1.9513384106813305,2.1923987317328395,2.4293354261561815,beta_3,light + fila_chla,ar1_lmod,0.5770403661428982,2.155308559981152
2.056172988345813,0.003439849055810579,0.1161743836804572,1.8274937213849667,2.0555352169254077,2.2797391011611676,beta_4,light + fila_chla,ar1_lmod,0.5770403661428982,2.155308559981152
2.140761222283668,0.0036428796251155903,0.12037782316261089,1.8965301240142813,2.1392014137634936,2.375366393924812,beta_5,light + fila_chla,ar1_lmod,0.5770403661428982,2.155308559981152
2.071911968068933,0.0036156527432587063,0.11854061655595326,1.8348411814186583,2.0713978219673677,2.301728700617921,beta_6,light + fila_chla,ar1_lmod,0.5770403661428982,2.155308559981152
0.2660908734161032,0.0026253690449386338,0.13358647284799796,0.12482032907744396,0.23412839078841635,0.5943755174150079,tau,light + fila_chla,ar1_lmod,0.5770403661428982,2.155308559981152
0.42702905746363007,1.1588643448737182e-4,0.00992449322609853,0.40794277561300424,0.4269558343456138,0.447362570181564,sigma,light + fila_chla,ar1_lmod,0.5770403661428982,2.155308559981152
0.6163158411440989,0.0010196096028214534,0.02103690662357959,0.5756463274242456,0.6164943803906828,0.6582820463320297,phi,light + epil_chla + fila_chla,ar1_lmod,0.5883674206333624,2.125210090991666
2.1823580335260573,0.006709986063192539,0.1926629378737819,1.8041040471024714,2.1807246868988193,2.5547936660817663,gamma_intercept,light + epil_chla + fila_chla,ar1_lmod,0.5883674206333624,2.125210090991666
0.3865583216355516,6.271206059637211e-4,0.022218264841735638,0.34315960268168055,0.3865851148611693,0.4294045641573548,gamma_light,light + epil_chla + fila_chla,ar1_lmod,0.5883674206333624,2.125210090991666
0.16422973165847032,4.387746294155736e-4,0.023475667653788924,0.11904254713961006,0.16384468849551903,0.20959062296434317,gamma_epil_chla,light + epil_chla + fila_chla,ar1_lmod,0.5883674206333624,2.125210090991666
0.09574584419618355,4.4934755987571844e-4,0.01903172124111368,0.05900675569749159,0.09532447118191284,0.13466359060216246,gamma_fila_chla,light + epil_chla + fila_chla,ar1_lmod,0.5883674206333624,2.125210090991666
2.6229195404134504,0.00710347330941564,0.1460214183939941,2.3302747608991337,2.6217637275855776,2.90466721415585,beta_1,light + epil_chla + fila_chla,ar1_lmod,0.5883674206333624,2.125210090991666
2.335381009015588,0.0060328163753803395,0.13309235006301967,2.0690031483569986,2.3363066380980047,2.6031132334728944,beta_2,light + epil_chla + fila_chla,ar1_lmod,0.5883674206333624,2.125210090991666
2.0809380597749043,0.00553224195134384,0.12204603353106679,1.8391774104994023,2.080512019699428,2.31708636622543,beta_3,light + epil_chla + fila_chla,ar1_lmod,0.5883674206333624,2.125210090991666
2.0291193810715304,0.005333304785546693,0.11632726687302274,1.7980511196387092,2.0270398078465153,2.250796707595121,beta_4,light + epil_chla + fila_chla,ar1_lmod,0.5883674206333624,2.125210090991666
2.0362816519863007,0.005640182005116799,0.1217153524211917,1.7951624086557618,2.034991238770844,2.2702197999394675,beta_5,light + epil_chla + fila_chla,ar1_lmod,0.5883674206333624,2.125210090991666
2.021662434874186,0.005531467841259317,0.12027763182730902,1.7820316027598153,2.021676957701404,2.2495320255979854,beta_6,light + epil_chla + fila_chla,ar1_lmod,0.5883674206333624,2.125210090991666
0.3435681738438461,0.004180561588265385,0.18342517346045262,0.15732572258959934,0.2971411157459274,0.7712895771576194,tau,light + epil_chla + fila_chla,ar1_lmod,0.5883674206333624,2.125210090991666
0.40557007187853966,1.4396725642489735e-4,0.009232181986603522,0.3877851976684881,0.4054625711521834,0.42404576074179284,sigma,light + epil_chla + fila_chla,ar1_lmod,0.5883674206333624,2.125210090991666
0.6447971922859939,7.667852949249882e-4,0.018782117192599736,0.6089481107634926,0.6446859804311181,0.6804314249948746,phi,light + epil_afdm + light_epil_afdm,ar1_lmod,0.5305813274707145,2.2694842840328646
2.176013288422093,0.00512367119938713,0.1734456529720625,1.8322703198729637,2.1721869208766043,2.530303132096093,gamma_intercept,light + epil_afdm + light_epil_afdm,ar1_lmod,0.5305813274707145,2.2694842840328646
0.3803226674480812,5.91373615715695e-4,0.02027959804624158,0.33996302409465906,0.3808104198415766,0.41932358008763393,gamma_light,light + epil_afdm + light_epil_afdm,ar1_lmod,0.5305813274707145,2.2694842840328646
0.13068642049741608,3.594757936647591e-4,0.022545343412819423,0.0854936877934632,0.13111105691630234,0.17582545874333136,gamma_epil_afdm,light + epil_afdm + light_epil_afdm,ar1_lmod,0.5305813274707145,2.2694842840328646
0.015079772517810988,2.2112524086805282e-4,0.018391168907947862,-0.021292174353483972,0.014881356628601301,0.05140411638453811,gamma_light_epil_afdm,light + epil_afdm + light_epil_afdm,ar1_lmod,0.5305813274707145,2.2694842840328646
2.5474867410049082,0.005369516021588832,0.13717413522113067,2.288021898656063,2.545675046099431,2.813985643202945,beta_1,light + epil_afdm + light_epil_afdm,ar1_lmod,0.5305813274707145,2.2694842840328646
2.2045512013343567,0.004564782779458176,0.12875792782274112,1.9564777457773426,2.2055034245433816,2.456675406256825,beta_2,light + epil_afdm + light_epil_afdm,ar1_lmod,0.5305813274707145,2.2694842840328646
2.166240809185682,0.004969696897335472,0.12105624499051454,1.9335360910033423,2.1670752303171428,2.3975541072886557,beta_3,light + epil_afdm + light_epil_afdm,ar1_lmod,0.5305813274707145,2.2694842840328646
2.107608790467021,0.004769786292711604,0.11761913467974922,1.8781586914093553,2.10749678982423,2.3355295909687093,beta_4,light + epil_afdm + light_epil_afdm,ar1_lmod,0.5305813274707145,2.2694842840328646
2.0560981180757145,0.004853907147503484,0.11901755504741078,1.8184482042960959,2.055585938687583,2.2845976442257045,beta_5,light + epil_afdm + light_epil_afdm,ar1_lmod,0.5305813274707145,2.2694842840328646
1.9801854811564001,0.004381088958581519,0.11271888785701809,1.7618875301505972,1.9799444430353328,2.192288647670276,beta_6,light + epil_afdm + light_epil_afdm,ar1_lmod,0.5305813274707145,2.2694842840328646
0.28320644311016874,0.0031241503392110855,0.13921180625341925,0.12753992830641528,0.24710710037703015,0.6536863009563338,tau,light + epil_afdm + light_epil_afdm,ar1_lmod,0.5305813274707145,2.2694842840328646
0.4454684584950654,1.5074527711025348e-4,0.010263419318337772,0.4259216721083741,0.44527529470465416,0.4662519602009806,sigma,light + epil_afdm + light_epil_afdm,ar1_lmod,0.5305813274707145,2.2694842840328646
0.6725723249305571,8.753675973803476e-4,0.018964160458816607,0.6354511534299284,0.6724174498438655,0.7099733340078693,phi,light + fila_afdm + light_fila_afdm,ar1_lmod,0.5272899724337505,2.277426693605033
2.1817236875645776,0.006816570028511415,0.18767056065692395,1.8131910046065858,2.1817472111053235,2.5561224722685423,gamma_intercept,light + fila_afdm + light_fila_afdm,ar1_lmod,0.5272899724337505,2.277426693605033
0.4726054099719726,7.24259294539135e-4,0.026431382353419106,0.4211275439978269,0.47227350182870864,0.5254670896487432,gamma_light,light + fila_afdm + light_fila_afdm,ar1_lmod,0.5272899724337505,2.277426693605033
-0.2246104895158701,7.848004009973577e-4,0.03777975679871278,-0.29765904160799833,-0.224115539383612,-0.15119314353850793,gamma_fila_afdm,light + fila_afdm + light_fila_afdm,ar1_lmod,0.5272899724337505,2.277426693605033
-0.0810306962438067,2.9958113003590564e-4,0.016581255611184568,-0.11386460060190756,-0.0809599247334504,-0.04856256150040764,gamma_light_fila_afdm,light + fila_afdm + light_fila_afdm,ar1_lmod,0.5272899724337505,2.277426693605033
2.367266157350183,0.006758825799792722,0.15195191080690174,2.0634607991869687,2.366743123021746,2.661686529990358,beta_1,light + fila_afdm + light_fila_afdm,ar1_lmod,0.5272899724337505,2.277426693605033
1.7595401829107027,0.005625863986033432,0.12844374891582638,1.513353791211404,1.7600097491123954,2.0089971863092124,beta_2,light + fila_afdm + light_fila_afdm,ar1_lmod,0.5272899724337505,2.277426693605033
2.2722566717989907,0.0058540615777867904,0.13380608505389988,2.008248966974811,2.272538840146355,2.5337930239547704,beta_3,light + fila_afdm + light_fila_afdm,ar1_lmod,0.5272899724337505,2.277426693605033
2.2837643324426544,0.005643411103416101,0.13015719147289112,2.02827690490271,2.2856804815388747,2.541065475848898,beta_4,light + fila_afdm + light_fila_afdm,ar1_lmod,0.5272899724337505,2.277426693605033
2.2207071320912966,0.005912762894488229,0.13362204404871886,1.9635770459069575,2.2207056430829644,2.478060086280948,beta_5,light + fila_afdm + light_fila_afdm,ar1_lmod,0.5272899724337505,2.277426693605033
2.1879510140677185,0.005480652208309059,0.12625404931543735,1.9448801554796342,2.187120773934291,2.442291640587804,beta_6,light + fila_afdm + light_fila_afdm,ar1_lmod,0.5272899724337505,2.277426693605033
0.30827482469955075,0.004691621870049471,0.1777076984319163,0.1355474650328552,0.26887027383782947,0.7204159326961707,tau,light + fila_afdm + light_fila_afdm,ar1_lmod,0.5272899724337505,2.277426693605033
0.4825289477364972,1.7942556615846683e-4,0.0110869059421381,0.46153864565926267,0.4821751517262631,0.5045653220846164,sigma,light + fila_afdm + light_fila_afdm,ar1_lmod,0.5272899724337505,2.277426693605033
0.6555266539107298,6.679981093680273e-4,0.018801100087366365,0.6187675705376574,0.6555393752877814,0.6916300272339041,phi,light + epil_afdm + fila_afdm + light_epil_afdm + light_fila_afdm,ar1_lmod,0.5384825066994054,2.2480940033968557
2.207020223864696,0.004907881681042637,0.16041342668016106,1.907466453199337,2.2049630012516612,2.5399813718845317,gamma_intercept,light + epil_afdm + fila_afdm + light_epil_afdm + light_fila_afdm,ar1_lmod,0.5384825066994054,2.2480940033968557
0.4617754438364445,5.715163854111876e-4,0.02525920519501022,0.41290402440457813,0.4615933710028736,0.5115765298869311,gamma_light,light + epil_afdm + fila_afdm + light_epil_afdm + light_fila_afdm,ar1_lmod,0.5384825066994054,2.2480940033968557
0.11629589090537383,4.0853517492270503e-4,0.022864061395006408,0.07070789983590374,0.11674084072658758,0.16008109720597583,gamma_epil_afdm,light + epil_afdm + fila_afdm + light_epil_afdm + light_fila_afdm,ar1_lmod,0.5384825066994054,2.2480940033968557
-0.18423606058142383,7.645882792150971e-4,0.03835715323160685,-0.26011141037368707,-0.18312906764785564,-0.11058412125169456,gamma_fila_afdm,light + epil_afdm + fila_afdm + light_epil_afdm + light_fila_afdm,ar1_lmod,0.5384825066994054,2.2480940033968557
0.04107124326935463,2.758034185587061e-4,0.01891199511988985,0.003006920085943794,0.04118586957755057,0.07743868062338365,gamma_light_epil_afdm,light + epil_afdm + fila_afdm + light_epil_afdm + light_fila_afdm,ar1_lmod,0.5384825066994054,2.2480940033968557
-0.0799317164590638,2.920727233179377e-4,0.016509546361698133,-0.11212705063317582,-0.07953276413290244,-0.04805672296543272,gamma_light_fila_afdm,light + epil_afdm + fila_afdm + light_epil_afdm + light_fila_afdm,ar1_lmod,0.5384825066994054,2.2480940033968557
2.471608072312492,0.0052227009585151685,0.14918510265459659,2.186789449946512,2.473157281300019,2.7602422789035193,beta_1,light + epil_afdm + fila_afdm + light_epil_afdm + light_fila_afdm,ar1_lmod,0.5384825066994054,2.2480940033968557
2.0307551683644363,0.004753562941057416,0.14603682097963694,1.7431027430921127,2.0314054311940115,2.3130781811181556,beta_2,light + epil_afdm + fila_afdm + light_epil_afdm + light_fila_afdm,ar1_lmod,0.5384825066994054,2.2480940033968557
2.225875620488924,0.0042920856009248595,0.12348509445464818,1.9885070654291812,2.223885108255381,2.466002359877231,beta_3,light + epil_afdm + fila_afdm + light_epil_afdm + light_fila_afdm,ar1_lmod,0.5384825066994054,2.2480940033968557
2.266236530958058,0.004163497961347544,0.12131281226742102,2.02950791797675,2.2637347782039714,2.502498857760745,beta_4,light + epil_afdm + fila_afdm + light_epil_afdm + light_fila_afdm,ar1_lmod,0.5384825066994054,2.2480940033968557
2.125769139824975,0.004192910151022804,0.12192922011755548,1.8862465845999805,2.125849391500197,2.363553401806862,beta_5,light + epil_afdm + fila_afdm + light_epil_afdm + light_fila_afdm,ar1_lmod,0.5384825066994054,2.2480940033968557
2.1141115403776616,0.003939445600716924,0.11577072990381496,1.8804956190679065,2.1137295846380706,2.338692690783312,beta_6,light + epil_afdm + fila_afdm + light_epil_afdm + light_fila_afdm,ar1_lmod,0.5384825066994054,2.2480940033968557
0.2270624500673024,0.0030185210964388917,0.12385143438429777,0.10329435750673316,0.1971701083075,0.5290020028820662,tau,light + epil_afdm + fila_afdm + light_epil_afdm + light_fila_afdm,ar1_lmod,0.5384825066994054,2.2480940033968557
0.4531668575011187,1.5916489964892716e-4,0.010404130871257676,0.433866499370366,0.4529405640831242,0.4743331250216319,sigma,light + epil_afdm + fila_afdm + light_epil_afdm + light_fila_afdm,ar1_lmod,0.5384825066994054,2.2480940033968557
0.6599676596738971,6.586806422659137e-4,0.01942238095523035,0.6227055963961433,0.6597341788030782,0.6986802915901087,phi,light + epil_chla + light_epil_chla,ar1_lmod,0.5145262046619814,2.307968597871741
2.192980269753527,0.0050416209716740564,0.18332723863703965,1.8293823295977765,2.1900628664598214,2.557569197273311,gamma_intercept,light + epil_chla + light_epil_chla,ar1_lmod,0.5145262046619814,2.307968597871741
0.44779073334028796,6.573749387727111e-4,0.025326735705891845,0.3994336656064764,0.4475853229092069,0.4993706519184173,gamma_light,light + epil_chla + light_epil_chla,ar1_lmod,0.5145262046619814,2.307968597871741
0.17842761839060192,4.480723649167971e-4,0.027519530045933247,0.12404833465847327,0.17808620459780575,0.23433785515614883,gamma_epil_chla,light + epil_chla + light_epil_chla,ar1_lmod,0.5145262046619814,2.307968597871741
0.03629444807533037,2.057201145603846e-4,0.017212728864384998,0.0026072664148280534,0.03620341195810852,0.06977096156758086,gamma_light_epil_chla,light + epil_chla + light_epil_chla,ar1_lmod,0.5145262046619814,2.307968597871741
2.597327783321196,0.0049961138973385775,0.14818991074206392,2.304199658744352,2.5982555185315164,2.8834816165074937,beta_1,light + epil_chla + light_epil_chla,ar1_lmod,0.5145262046619814,2.307968597871741
2.2953236238057753,0.004262699013469266,0.13563641169206336,2.0314178086270935,2.295281124688548,2.5627636195547643,beta_2,light + epil_chla + light_epil_chla,ar1_lmod,0.5145262046619814,2.307968597871741
2.117498732802845,0.004297586209574927,0.1329447623977288,1.8507159812740603,2.122878888182086,2.367624746097766,beta_3,light + epil_chla + light_epil_chla,ar1_lmod,0.5145262046619814,2.307968597871741
2.0897017665527535,0.004177938712640753,0.12714459754798324,1.8419675176313481,2.0915150619085168,2.32731124992734,beta_4,light + epil_chla + light_epil_chla,ar1_lmod,0.5145262046619814,2.307968597871741
2.0622587524106124,0.00427281034565241,0.13135078375598896,1.801627317805826,2.0611960355701826,2.314626166427336,beta_5,light + epil_chla + light_epil_chla,ar1_lmod,0.5145262046619814,2.307968597871741
2.005150686933521,0.004006750410936783,0.12367645624394781,1.7566415408323666,2.0054720883225063,2.241537543868419,beta_6,light + epil_chla + light_epil_chla,ar1_lmod,0.5145262046619814,2.307968597871741
0.30902349098635923,0.0028599923362794028,0.14485399171138283,0.1445718540251919,0.2738495635230499,0.700073215876643,tau,light + epil_chla + light_epil_chla,ar1_lmod,0.5145262046619814,2.307968597871741
0.46215422796950695,1.358900681100522e-4,0.010837104476152435,0.4415528750484267,0.4618500176957512,0.4841997577878943,sigma,light + epil_chla + light_epil_chla,ar1_lmod,0.5145262046619814,2.307968597871741
0.6267151484741763,7.27413620608896e-4,0.02147822155600245,0.5829939789890077,0.6271626259481895,0.6685823213597148,phi,light + fila_chla + light_fila_chla,ar1_lmod,0.5804560723621699,2.1455355701844963
2.1567772730757926,0.005069602777776062,0.17758334985592583,1.820705564556989,2.1513585758835263,2.511680592062386,gamma_intercept,light + fila_chla + light_fila_chla,ar1_lmod,0.5804560723621699,2.1455355701844963
0.30565612561344513,3.9272771451170614e-4,0.019614646736635644,0.26740536144394994,0.3056186316553221,0.343846733452459,gamma_light,light + fila_chla + light_fila_chla,ar1_lmod,0.5804560723621699,2.1455355701844963
0.101777195681363,4.997930737477017e-4,0.02961400529751118,0.04242101919994281,0.10146800938797859,0.1600926420781931,gamma_fila_chla,light + fila_chla + light_fila_chla,ar1_lmod,0.5804560723621699,2.1455355701844963
0.008445751318537871,1.783937366548605e-4,0.013281405556983546,-0.01803414453979483,0.008426230783781347,0.03386709250036508,gamma_light_fila_chla,light + fila_chla + light_fila_chla,ar1_lmod,0.5804560723621699,2.1455355701844963
2.521383457087218,0.005035407653533182,0.1509836975713974,2.2275573920279643,2.519912862058486,2.830767760424387,beta_1,light + fila_chla + light_fila_chla,ar1_lmod,0.5804560723621699,2.1455355701844963
1.9882012459027245,0.004067571158407767,0.12408864181013915,1.7486697445325394,1.9848543054999306,2.2349673950778457,beta_2,light + fila_chla + light_fila_chla,ar1_lmod,0.5804560723621699,2.1455355701844963
2.1874708365307187,0.004274818500375045,0.12876015784574843,1.9412673899815454,2.183466983148376,2.4451447593422633,beta_3,light + fila_chla + light_fila_chla,ar1_lmod,0.5804560723621699,2.1455355701844963
2.0474493486079286,0.003968227352156314,0.12260089706907018,1.8153486086664345,2.042952953766014,2.2920764753905036,beta_4,light + fila_chla + light_fila_chla,ar1_lmod,0.5804560723621699,2.1455355701844963
2.1326420976748697,0.004316781325770232,0.12809556383715026,1.88613778500088,2.130771409803194,2.3910749220398424,beta_5,light + fila_chla + light_fila_chla,ar1_lmod,0.5804560723621699,2.1455355701844963
2.067690369890813,0.004247543175220938,0.12558619260947418,1.8275174432011907,2.0645483612623168,2.3170460494654317,beta_6,light + fila_chla + light_fila_chla,ar1_lmod,0.5804560723621699,2.1455355701844963
0.27173345980053165,0.0032572062390295226,0.14064261085558866,0.12425585680825897,0.23613907852135527,0.6269796572913621,tau,light + fila_chla + light_fila_chla,ar1_lmod,0.5804560723621699,2.1455355701844963
0.4271426371424515,1.1677889642745615e-4,0.010215816541166179,0.407548684065704,0.42687425162151543,0.4476557355557367,sigma,light + fila_chla + light_fila_chla,ar1_lmod,0.5804560723621699,2.1455355701844963
0.6117259077372972,7.590679510985619e-4,0.02134779632304284,0.5690756841670759,0.6117109843566191,0.6535114578478562,phi,light + epil_chla + fila_chla + light_epil_chla + light_fila_chla,ar1_lmod,0.5955249919832747,2.104583832269632
2.189549599584778,0.005946084585431553,0.203910715621374,1.7988618410167172,2.18560406146505,2.6094363503066,gamma_intercept,light + epil_chla + fila_chla + light_epil_chla + light_fila_chla,ar1_lmod,0.5955249919832747,2.104583832269632
0.3755662969455816,5.007958394777946e-4,0.021807033146884102,0.3311833118508244,0.37578047334081993,0.418423117877596,gamma_light,light + epil_chla + fila_chla + light_epil_chla + light_fila_chla,ar1_lmod,0.5955249919832747,2.104583832269632
0.17117620085660298,3.8684859290403e-4,0.02324633988155431,0.1270174944396367,0.1715995491940981,0.21744369568929786,gamma_epil_chla,light + epil_chla + fila_chla + light_epil_chla + light_fila_chla,ar1_lmod,0.5955249919832747,2.104583832269632
0.12863077942509576,5.922822523222377e-4,0.027985952832384614,0.07339772983440539,0.12870767484675688,0.18375018081387948,gamma_fila_chla,light + epil_chla + fila_chla + light_epil_chla + light_fila_chla,ar1_lmod,0.5955249919832747,2.104583832269632
0.030516149639206604,2.0812824075538082e-4,0.015148965069178191,0.0010768537211361432,0.030522577327170543,0.05980022246444207,gamma_light_epil_chla,light + epil_chla + fila_chla + light_epil_chla + light_fila_chla,ar1_lmod,0.5955249919832747,2.104583832269632
0.021803565428705752,2.0674378049925226e-4,0.012754660600235198,-0.002951067756406935,0.021881509810848358,0.04689598425054387,gamma_light_fila_chla,light + epil_chla + fila_chla + light_epil_chla + light_fila_chla,ar1_lmod,0.5955249919832747,2.104583832269632
2.6485909120716116,0.005239038540322063,0.14761707904302881,2.3631495661457937,2.6480744178082025,2.942959801457684,beta_1,light + epil_chla + fila_chla + light_epil_chla + light_fila_chla,ar1_lmod,0.5955249919832747,2.104583832269632
2.3487543300431595,0.004471954118714604,0.13403823546875823,2.0884184619669557,2.3481484499225274,2.6148298504110636,beta_2,light + epil_chla + fila_chla + light_epil_chla + light_fila_chla,ar1_lmod,0.5955249919832747,2.104583832269632
2.083207605125742,0.0041927345778668464,0.12228702935908396,1.8462881516187373,2.082187469681869,2.3274033420612783,beta_3,light + epil_chla + fila_chla + light_epil_chla + light_fila_chla,ar1_lmod,0.5955249919832747,2.104583832269632
2.013274985312342,0.003937891637817195,0.11491913266315107,1.7884013406609138,2.013001497475483,2.2465055739963735,beta_4,light + epil_chla + fila_chla + light_epil_chla + light_fila_chla,ar1_lmod,0.5955249919832747,2.104583832269632
2.0246155511357813,0.004154816860188042,0.12145561408763637,1.7885843938715191,2.021849387657193,2.265994711463605,beta_5,light + epil_chla + fila_chla + light_epil_chla + light_fila_chla,ar1_lmod,0.5955249919832747,2.104583832269632
2.0186211699650354,0.004146434359310351,0.11925177384360323,1.7878175199087514,2.01746211494867,2.25232047454277,beta_6,light + epil_chla + fila_chla + light_epil_chla + light_fila_chla,ar1_lmod,0.5955249919832747,2.104583832269632
0.3616598692880255,0.004295740230873878,0.1819649117863033,0.16708543740038634,0.3167843191513067,0.8289581061354713,tau,light + epil_chla + fila_chla + light_epil_chla + light_fila_chla,ar1_lmod,0.5955249919832747,2.104583832269632
0.39983599471119885,1.4004518166887622e-4,0.009419921272755542,0.382084838207216,0.3996000909050179,0.4188426700187932,sigma,light + epil_chla + fila_chla + light_epil_chla + light_fila_chla,ar1_lmod,0.5955249919832747,2.104583832269632
0.8884241768022834,8.238331833791538e-4,0.017147573920057266,0.8549267817454957,0.8886607164356006,0.9217265109580093,phi,light_epil_afdm,ar1_lmod,0.07940628624954116,3.1813157875161893
2.103994121332468,0.016495187589197102,0.36166445032279776,1.4237087049827137,2.09229656782669,2.8413819565773237,gamma_intercept,light_epil_afdm,ar1_lmod,0.07940628624954116,3.1813157875161893
0.1261813083352823,0.0010403642876374531,0.0651363333820263,-0.003703172757842325,0.12616100512072506,0.25060874088866414,gamma_light_epil_afdm,light_epil_afdm,ar1_lmod,0.07940628624954116,3.1813157875161893
2.3524307855197484,0.019051853822940404,0.4078413097710895,1.533871298545111,2.3490659605492636,3.1610764997544907,beta_1,light_epil_afdm,ar1_lmod,0.07940628624954116,3.1813157875161893
1.852671827848663,0.012849070569416504,0.31874958931776354,1.2356797178152394,1.8588116114456437,2.4890185961898,beta_2,light_epil_afdm,ar1_lmod,0.07940628624954116,3.1813157875161893
2.125922448824667,0.016137603009721897,0.35519135770499366,1.445392090313818,2.1223904744297735,2.816675254977103,beta_3,light_epil_afdm,ar1_lmod,0.07940628624954116,3.1813157875161893
2.1588215221631737,0.016366987298891425,0.3553340138065828,1.4664137820902583,2.152569906591878,2.8664268929285193,beta_4,light_epil_afdm,ar1_lmod,0.07940628624954116,3.1813157875161893
2.1100137729397805,0.016172434438143903,0.35366145852897424,1.4174326396210495,2.1039284777501575,2.8108939264557358,beta_5,light_epil_afdm,ar1_lmod,0.07940628624954116,3.1813157875161893
2.0284632938984064,0.015130256552813593,0.33395202348566355,1.404946805484628,2.0237200362945837,2.693537441872693,beta_6,light_epil_afdm,ar1_lmod,0.07940628624954116,3.1813157875161893
0.2719204492609662,0.00527254510760088,0.19852719920426296,0.05476308439004081,0.2275393941711841,0.7561669064800907,tau,light_epil_afdm,ar1_lmod,0.07940628624954116,3.1813157875161893
1.6404786102800955,6.090167858426092e-4,0.03957252785002477,1.5666621775241043,1.639075063891558,1.7213122721807324,sigma,light_epil_afdm,ar1_lmod,0.07940628624954116,3.1813157875161893
0.881977742526397,7.682460423259358e-4,0.01734561777794182,0.8483106571761274,0.8821535325082206,0.9151168503209656,phi,light_fila_afdm,ar1_lmod,0.059066499765219826,3.2162681033906493
2.1516063508305616,0.015059017928412542,0.3458110857933847,1.4989762669896212,2.1523658061087,2.837619806919071,gamma_intercept,light_fila_afdm,ar1_lmod,0.059066499765219826,3.2162681033906493
-0.07425749455769547,7.512769466769573e-4,0.039888456393030375,-0.15236265378185862,-0.07485809857797597,0.0020962464550312284,gamma_light_fila_afdm,light_fila_afdm,ar1_lmod,0.059066499765219826,3.2162681033906493
2.3814946182073653,0.01713211929366622,0.39432084233678066,1.6355923129245606,2.380980147085715,3.1643891533457094,beta_1,light_fila_afdm,ar1_lmod,0.059066499765219826,3.2162681033906493
1.950475457784195,0.013222774360134762,0.31261697375304376,1.3468243619302056,1.9523148846771237,2.5650466314122125,beta_2,light_fila_afdm,ar1_lmod,0.059066499765219826,3.2162681033906493
2.149838143704726,0.014817131748552486,0.34261542928414773,1.4813091989066238,2.148179051015999,2.825229343736136,beta_3,light_fila_afdm,ar1_lmod,0.059066499765219826,3.2162681033906493
2.1680707979902634,0.014787978023233785,0.33984324738148686,1.5118652389241718,2.1703430608037055,2.826495332234372,beta_4,light_fila_afdm,ar1_lmod,0.059066499765219826,3.2162681033906493
2.1661004277223124,0.015071480590652496,0.346885267419215,1.5128572694121591,2.1674161683845172,2.8515931554218215,beta_5,light_fila_afdm,ar1_lmod,0.059066499765219826,3.2162681033906493
2.0718370554807986,0.014398541068216099,0.33032020778343735,1.4157380930990229,2.0742165968286472,2.7218868809587144,beta_6,light_fila_afdm,ar1_lmod,0.059066499765219826,3.2162681033906493
0.23374203852961886,0.00404586916051438,0.16176139327653752,0.05487035507740637,0.2018893227832897,0.6102746013193481,tau,light_fila_afdm,ar1_lmod,0.059066499765219826,3.2162681033906493
1.5507814765456336,7.358613648835733e-4,0.03581202603446926,1.481702597045351,1.550433683888648,1.623706910972489,sigma,light_fila_afdm,ar1_lmod,0.059066499765219826,3.2162681033906493
0.8790693577515867,6.85207188909729e-4,0.017226013120163232,0.8443076377768636,0.8793011053707975,0.9122823820930402,phi,light_epil_chla,ar1_lmod,0.03606777513060555,3.2553375503849575
2.162004633626225,0.016754974060895787,0.4038148635593131,1.4720455174429918,2.1472648498495777,2.898430695711878,gamma_intercept,light_epil_chla,ar1_lmod,0.03606777513060555,3.2553375503849575
0.17502759799058518,0.0010368888452382805,0.0575350959027034,0.06086966604013621,0.17571201867744585,0.2876074931198909,gamma_light_epil_chla,light_epil_chla,ar1_lmod,0.03606777513060555,3.2553375503849575
2.4496321104032757,0.015344947214763267,0.38418456078927526,1.6882709826140758,2.4540023213618647,3.201120177563954,beta_1,light_epil_chla,ar1_lmod,0.03606777513060555,3.2553375503849575
1.8146330164192888,0.010113721658738124,0.29520527069227187,1.2499779070251862,1.810388612373789,2.396669765399604,beta_2,light_epil_chla,ar1_lmod,0.03606777513060555,3.2553375503849575
2.2203164682454717,0.013181885089248849,0.33881534497739696,1.5546111230896773,2.2129596874615354,2.905015550558798,beta_3,light_epil_chla,ar1_lmod,0.03606777513060555,3.2553375503849575
2.1864925695147,0.012774577985173001,0.3301376773174051,1.5487432831674683,2.182822665147865,2.845308424202018,beta_4,light_epil_chla,ar1_lmod,0.03606777513060555,3.2553375503849575
2.194120685876878,0.013148647778976305,0.3399694812188643,1.5348993455473754,2.189252578502315,2.875738019963669,beta_5,light_epil_chla,ar1_lmod,0.03606777513060555,3.2553375503849575
2.0872668378845,0.012593561620230726,0.31980059820435386,1.4750002171099017,2.083461795406358,2.7136926860596904,beta_6,light_epil_chla,ar1_lmod,0.03606777513060555,3.2553375503849575
0.33403788612147123,0.012980823488147188,0.32768105686383775,0.07886775096533995,0.275098284289315,0.865361918155023,tau,light_epil_chla,ar1_lmod,0.03606777513060555,3.2553375503849575
1.5074025834269629,4.600722581288524e-4,0.03529995534424815,1.437356538893631,1.5066624821732817,1.5792272470421052,sigma,light_epil_chla,ar1_lmod,0.03606777513060555,3.2553375503849575
0.8735459309798392,8.76677250413298e-4,0.018874562038868732,0.83736585239295,0.8734626248209636,0.9099262159519975,phi,light_fila_chla,ar1_lmod,0.0742808266199112,3.190159576373335
2.1482911490951624,0.016116352788287297,0.35756636309168077,1.476307819189231,2.140316052289267,2.8463714431878726,gamma_intercept,light_fila_chla,ar1_lmod,0.0742808266199112,3.190159576373335
-0.07878778681760412,6.187418081127411e-4,0.030479944976383167,-0.13797692642548734,-0.07899496358591053,-0.01994840608348854,gamma_light_fila_chla,light_fila_chla,ar1_lmod,0.0742808266199112,3.190159576373335
2.386501628566849,0.018449552242087507,0.397710760382685,1.6243330242541292,2.3833057564391877,3.1586473694382966,beta_1,light_fila_chla,ar1_lmod,0.0742808266199112,3.190159576373335
1.9241373064596827,0.012804900709762168,0.30704806334844353,1.3268174084128488,1.9279595290406977,2.5061239166140816,beta_2,light_fila_chla,ar1_lmod,0.0742808266199112,3.190159576373335
2.1401838547195413,0.015635000599660033,0.3435225384357297,1.4843916555060437,2.141816272462088,2.8133309918870917,beta_3,light_fila_chla,ar1_lmod,0.0742808266199112,3.190159576373335
2.161899559003071,0.01532647649983146,0.34089839232586344,1.5027215659923694,2.1642777015746093,2.828213509825889,beta_4,light_fila_chla,ar1_lmod,0.0742808266199112,3.190159576373335
2.167981962705181,0.016035745491392587,0.35091415528188086,1.489852263486045,2.169937710923824,2.84390401885039,beta_5,light_fila_chla,ar1_lmod,0.0742808266199112,3.190159576373335
2.09836136805479,0.01553448049003673,0.33912534153305496,1.4339305682775663,2.100796156110962,2.755209611283698,beta_6,light_fila_chla,ar1_lmod,0.0742808266199112,3.190159576373335
0.2418154085018899,0.003986856066597555,0.16120585851938574,0.0608396758899163,0.2054617781376464,0.6357893227034005,tau,light_fila_chla,ar1_lmod,0.0742808266199112,3.190159576373335
1.4452542416983971,4.81371813446423e-4,0.03383961097387068,1.379616216266664,1.4451806852020745,1.5127958015790528,sigma,light_fila_chla,ar1_lmod,0.0742808266199112,3.190159576373335
0.8811767370890504,7.151835948260756e-4,0.017240464515852025,0.847263911211114,0.8813431852111634,0.913686295266152,phi,light_epil_afdm + light_fila_afdm,ar1_lmod,0.08981018725913748,3.1617387229406995
2.157250512454256,0.014066418675419252,0.3534074287224586,1.5144585469107028,2.1460072563004995,2.866384760546868,gamma_intercept,light_epil_afdm + light_fila_afdm,ar1_lmod,0.08981018725913748,3.1617387229406995
0.1315417747111539,7.991360078920683e-4,0.06085295015542385,0.011719980909528171,0.13139752190565893,0.2503113275001312,gamma_light_epil_afdm,light_epil_afdm + light_fila_afdm,ar1_lmod,0.08981018725913748,3.1617387229406995
-0.08190345350244387,6.419043869024759e-4,0.040203033205002146,-0.16063807433347757,-0.08180800461686509,-0.004023322661510972,gamma_light_fila_afdm,light_epil_afdm + light_fila_afdm,ar1_lmod,0.08981018725913748,3.1617387229406995
2.451731700515704,0.016242946785775265,0.3979559573014305,1.7012037387493912,2.451084018145998,3.2399153266536636,beta_1,light_epil_afdm + light_fila_afdm,ar1_lmod,0.08981018725913748,3.1617387229406995
1.880721277338085,0.011525398852907676,0.308557625528616,1.2843984328285587,1.8763662694223688,2.461260818690619,beta_2,light_epil_afdm + light_fila_afdm,ar1_lmod,0.08981018725913748,3.1617387229406995
2.1662768286351892,0.013801434147065653,0.34036477347123956,1.5236917745187455,2.16557915206021,2.8451083871969662,beta_3,light_epil_afdm + light_fila_afdm,ar1_lmod,0.08981018725913748,3.1617387229406995
2.1943860208721038,0.013751086902164523,0.3403310774539106,1.5523670932440794,2.19052334275808,2.848439765455829,beta_4,light_epil_afdm + light_fila_afdm,ar1_lmod,0.08981018725913748,3.1617387229406995
2.1660705129015665,0.013908583604877501,0.34436541680670396,1.5047953663696967,2.1642108371017024,2.858335489881717,beta_5,light_epil_afdm + light_fila_afdm,ar1_lmod,0.08981018725913748,3.1617387229406995
2.0742348989770587,0.013224932316515283,0.3265863836542978,1.461814741218107,2.07409226302692,2.722827319302661,beta_6,light_epil_afdm + light_fila_afdm,ar1_lmod,0.08981018725913748,3.1617387229406995
0.2854382297499806,0.0038280764802408615,0.1745950023987207,0.07403939699843844,0.24878063731267228,0.7121859473899478,tau,light_epil_afdm + light_fila_afdm,ar1_lmod,0.08981018725913748,3.1617387229406995
1.5350937845240118,5.423642555932343e-4,0.03611184919170122,1.466498180897773,1.5348473435077536,1.60733690775068,sigma,light_epil_afdm + light_fila_afdm,ar1_lmod,0.08981018725913748,3.1617387229406995
0.86580106107117,8.168988069754925e-4,0.018505223456566782,0.8306151169102559,0.865325751330307,0.9031609947978699,phi,light_epil_chla + light_fila_chla,ar1_lmod,0.05629970240025706,3.219415562176614
2.187036115899356,0.013861631223819487,0.34266933548484785,1.532616392946016,2.191910833485807,2.8650114160020674,gamma_intercept,light_epil_chla + light_fila_chla,ar1_lmod,0.05629970240025706,3.219415562176614
0.14821647186899786,7.738860267427634e-4,0.04916235835424887,0.05034969093247042,0.14785656356172744,0.2408139991791447,gamma_light_epil_chla,light_epil_chla + light_fila_chla,ar1_lmod,0.05629970240025706,3.219415562176614
-0.06561183129893879,5.464064536385118e-4,0.02870634266492826,-0.12080396228552054,-0.06535145007162914,-0.00986953282298568,gamma_light_fila_chla,light_epil_chla + light_fila_chla,ar1_lmod,0.05629970240025706,3.219415562176614
2.498668830645392,0.016275219219060638,0.37313729707575827,1.755339049693508,2.508397112548775,3.2261650350629796,beta_1,light_epil_chla + light_fila_chla,ar1_lmod,0.05629970240025706,3.219415562176614
1.8373853574727501,0.010804129300025984,0.2849086423065329,1.261168078883665,1.8462323300216155,2.38983615360595,beta_2,light_epil_chla + light_fila_chla,ar1_lmod,0.05629970240025706,3.219415562176614
2.2260198024650273,0.014066301134106002,0.32408493909211283,1.5774517132296595,2.23153517133076,2.8419970601087448,beta_3,light_epil_chla + light_fila_chla,ar1_lmod,0.05629970240025706,3.219415562176614
2.2020668521172464,0.013785769106547496,0.32006213721161264,1.5712405052763885,2.211029703984977,2.815007760713143,beta_4,light_epil_chla + light_fila_chla,ar1_lmod,0.05629970240025706,3.219415562176614
2.2250716711115754,0.014243056938197834,0.32922111075051236,1.5809548201511727,2.2351815148754732,2.8510622170536046,beta_5,light_epil_chla + light_fila_chla,ar1_lmod,0.05629970240025706,3.219415562176614
2.1432682942388968,0.01343690616165011,0.31602843916327256,1.5197218602905336,2.1584333263313287,2.7370156765718145,beta_6,light_epil_chla + light_fila_chla,ar1_lmod,0.05629970240025706,3.219415562176614
0.3190057292752395,0.004224530890828533,0.19047909842735689,0.08903050332511245,0.2786232934215493,0.7939227245429327,tau,light_epil_chla + light_fila_chla,ar1_lmod,0.05629970240025706,3.219415562176614
1.355780663442879,4.788482830947233e-4,0.0329355136643702,1.293664903038267,1.3542080188499794,1.4226391357124692,sigma,light_epil_chla + light_fila_chla,ar1_lmod,0.05629970240025706,3.219415562176614
